<?xml version="1.0" encoding="UTF-8" standalone="no"?>
<metadata><idinfo><citation><citeinfo><origin>U.S. Geological Survey</origin><pubdate>19810501</pubdate><title>orgnis_2009</title><geoform Sync="TRUE">vector digital data</geoform><pubinfo><pubplace>Reston, VA</pubplace><publish>U.S. Geological Survey</publish></pubinfo><onlink>http://geonames.usgs.gov/</onlink><ftname Sync="TRUE">orgnis_2009</ftname></citeinfo></citation><descript><abstract>The Geographic Names Information System (GNIS) is the Federal standard for geographic nomenclature. The U.S. Geological Survey developed the GNIS for the U.S. Board on Geographic Names, a Federal inter-agency body chartered by public law to maintain uniform feature name usage throughout the Government and to promulgate standard names to the public. The GNIS is the official repository of domestic geographic names data; the official vehicle for geographic names use by all departments of the Federal Government; and the source for applying geographic names to Federal electronic and printed products of all types. See http://geonames.usgs.gov for additional information. 

The original source for these data is http://geonames.usgs.gov, the ORGNIS dataset contains only features located in Oregon. Minimal processing of data downloaded from the GNIS repository was performed by the Oregon Geospatial Enterprise Office, these changes are documented in the last process step in the metadata.</abstract><purpose>The Geographic Names Information System contains information about physical and cultural geographic features of all types in the United States, associated areas, and Antarctica, current and historical, but not including roads and highways. The database holds the Federally recognized name of each feature and defines the feature location by state, county, USGS topographic map, and geographic coordinates. Other attributes include names or spellings other than the official name, feature designations, feature classification, historical and descriptive information, and for some categories the geometric boundaries. The database assigns a unique, permanent feature identifier, the Feature ID, as a standard Federal key for accessing, integrating, or reconciling feature data from multiple data sets. The GNIS collects data from a broad program of partnerships with Federal, State, and local government agencies and other authorized contributors. The GNIS provides data to all levels of government and to the public, as well as to numerous applications through a web query site, web map and feature services, file download services, and customized files upon request.</purpose><supplinf>The U.S. Board on Geographic Names was created in 1890 and established in its present form by Public Law in 1947 to establish and maintain uniform geographic name usage throughout the Federal Government. The Board serves all government agencies and the public as the central authority to which name inquiries, name issues, and new name proposals can be directed. It is comprised of representatives of Federal agencies associated with land management and cartography. Sharing its responsibilities with the Secretary of the Interior, the Board develops principles, policies, and procedures governing the use of both domestic and foreign geographic names as well as undersea and Antarctic feature names.</supplinf><langdata Sync="TRUE">en</langdata></descript><timeperd><timeinfo><rngdates><begdate>1974</begdate><enddate>02/03/2009</enddate></rngdates></timeinfo><current>publication date</current></timeperd><status><progress>In work</progress><update>As needed</update></status><spdom><bounding><westbc Sync="TRUE">-125.000452</westbc><eastbc Sync="TRUE">-116.415223</eastbc><northbc Sync="TRUE">46.346985</northbc><southbc Sync="TRUE">41.526813</southbc></bounding><lboundng><leftbc Sync="TRUE">174104.912402</leftbc><rightbc Sync="TRUE">2345253.892388</rightbc><bottombc Sync="TRUE">-52584.748688</bottombc><topbc Sync="TRUE">1675866.146325</topbc></lboundng></spdom><keywords><theme><themekt>None</themekt><themekey>location</themekey><themekey>economy</themekey><themekey>society</themekey><themekey>environment</themekey><themekey>structure</themekey><themekey>imageryBaseMapsEarthCover</themekey><themekey>inlandWaters</themekey><themekey>transportation</themekey><themekey>utilitiesCommunication</themekey><themekey>Feature identification</themekey><themekey>Geographic feature</themekey><themekey>Geographical feature</themekey><themekey>Geographic name</themekey><themekey>Geographical name</themekey><themekey>Feature name</themekey><themekey>Official feature name</themekey><themekey>Place name</themekey><themekey>Variant name</themekey><themekey>Feature coordinates</themekey><themekey>Feature state</themekey><themekey>Feature county</themekey><themekey>Feature class</themekey><themekey>Feature history</themekey><themekey>Feature description</themekey><themekey>Feature designation</themekey></theme><place><placekt>Geographic Names Information System, USGS, Reston, VA</placekt><placekey>United States</placekey><placekey>State</placekey><placekey>County</placekey><placekey>Territory</placekey><placekey>Outlying Area</placekey><placekey>Topographic Map</placekey><placekey>Commonwealth</placekey><placekey>Parish</placekey><placekey>Borough</placekey><placekey>Census Area</placekey><placekey>Municipio</placekey><placekey>District</placekey><placekey>Populated Place</placekey><placekey>Antarctica</placekey></place><temporal><tempkt>None</tempkt><tempkey>Current</tempkey><tempkey>Historical</tempkey></temporal></keywords><accconst>None</accconst><useconst>None. Acknowledgement of the U.S. Geological Survey would be appreciated in products derived from these data.</useconst><ptcontac><cntinfo><cntperp><cntper>Roger L. Payne</cntper><cntorg>U.S. Geological Survey</cntorg></cntperp><cntpos>Chief, Geographic Names Project</cntpos><cntaddr><addrtype>Mailing address</addrtype><address>523 National Center</address><city>Reston</city><state>Virginia</state><postal>20192</postal></cntaddr><cntvoice>703 648 4544</cntvoice><cntemail>gnis_manager@usgs.gov</cntemail><hours>Monday through Friday 0730-1700 Eastern Time</hours></cntinfo></ptcontac><datacred>The Geographic Names Information System was developed by the U.S. Geological Survey in cooperation with the U.S. Board on Geographic Names.</datacred><native Sync="TRUE">Microsoft Windows XP Version 5.1 (Build 2600) Service Pack 3; ESRI ArcCatalog 9.3.0.1770</native><crossref><citeinfo><origin>U.S. Geological Survey</origin><pubdate>Unknown</pubdate><title>Geodata.gov, Geospatial One-Stop</title><othercit>Geodata.gov is a geographic information system (GIS) portal, also known as the Geospatial One-Stop (GOS) that serves as a public gateway for improving access to geospatial information and data under the Geospatial One-Stop E-Government initiative. Geospatial One-Stop is one of 24 E-Government initiatives sponsored by the Federal Office of Management and Budget (OMB) to enhance government efficiency and to improve citizen services. See the Geographic Names community in geodata.gov.</othercit><onlink>http://gos2.geodata.gov/</onlink></citeinfo></crossref><crossref><citeinfo><origin>U.S. Geological Survey</origin><pubdate>Unknown</pubdate><title>The National Map</title><othercit>The National Map, is a seamless, continuously maintained set of public domain geographic base information that serves as a foundation for integrating, sharing, and using other data easily and consistently. The National Map viewer is a Web-enabled portal to all of the geospatial information contained in The National Map. This portal not only supports on-line access to the geospatial information, but also allows the download of digital data and creation of cartographic products. The GNIS supports The National Map as the source for the gazetteer search in Find Place function of The National Map viewer and as active names layers.</othercit><onlink>http://nationalmap.usgs.gov/</onlink></citeinfo></crossref><crossref><citeinfo><origin>U.S. Geological Survey</origin><pubdate>Unknown</pubdate><title>The National Atlas</title><othercit>The National Atlas summarizes national-scale geographical information and delivers easy to use, map-like views of America's natural and sociocultural landscapes. This digital version revises a large bound collection of paper maps that was published in 1970. The Atlas serves a diverse populace as an essential reference, a framework for information discovery, an instrument of education, an aid in research, and a reliable source of government information. It includes stimulating products and services for children and adults to understand complex relationships among environments, places, and people. It contributes to our knowledge of the environmental, resource, demographic, economic, social, political, and historical dimensions of American life. Though it cannot display detailed map information, the Atlas directs users to other sources for this information. The GNIS provides geographic feature, location, and attribute data to the National Atlas.</othercit><onlink>http://nationalatlas.gov/</onlink></citeinfo></crossref><crossref><citeinfo><origin>U.S. Geological Survey</origin><pubdate>Unknown</pubdate><title>The National Hydrography Dataset</title><othercit>The National Hydrography Dataset (NHD) is a comprehensive set of digital spatial data that contains information about surface water features such as lakes, ponds, streams, rivers, springs and wells. Within the NHD, surface water features are combined to form "reaches," which provide the framework for linking water-related data to the NHD surface water drainage network. These linkages enable the analysis and display of these water-related data in upstream and downstream order. The GNIS provides geographic feature name data to the National Hydrography Dataset.</othercit><onlink>http://nhd.usgs.gov/</onlink></citeinfo></crossref><crossref><citeinfo><origin>National Geospatial Agency (NGA)</origin><pubdate>Unknown</pubdate><title>GEOnet Names Server</title><othercit>The GEOnet Names Server (GNS) provides access to the National Geospatial Agency (NGA) database of foreign geographic feature names. The database is the official repository of foreign place-name decisions approved by the U.S. Board on Geographic Names (US BGN). Approximately 20,000 of the database's features are updated monthly.</othercit><onlink>http://gnswww.nga.mil/geonames/GNS/index.jsp</onlink></citeinfo></crossref><crossref><citeinfo><origin>U.S. Census Bureau</origin><pubdate>Unknown</pubdate><title>LandView</title><othercit>LandView is a desktop mapping system that searches and maps selected information from the Environmental Protection Agency, the Census Bureau, and the U.S. Geological Survey. LandView contains a large subset of GNIS feature, location, and attribute data for the United States. It is available on DVD. See the LandView web site for information concerning the latest edition and ordering.</othercit><onlink>http://landview.census.gov/</onlink></citeinfo></crossref><natvform Sync="TRUE">Shapefile</natvform></idinfo><dataqual><attracc><attraccr>During Phase I data compilation, a random sample of 10% of the entries in the system were visually verified against the compilation source data (large-scale USGS topographic maps) to ensure an accuracy rate of at least 95%. Subsequent data compilation and input processes ensure accuracy with programmed validation checks for format and content, visual examination, and spot checks of data.</attraccr></attracc><logic>During Phase I data compilation, a random sample of 10% of the entries in the system were visually verified against the compilation source data (large-scale USGS topographic maps) to ensure logical consistency of locative references (geographic coordinates, topographic map, and county. Subsequent data compilation and input processes include programmed validation checks for logical consistency, visual examination, and spot checks of data.</logic><complete>This dataset contains information about United States physical and cultural geographic features of all types and classes, with the exception of most roads and highways. Subsequent to the original data compilation process, which was taken primarily from Federal maps, the GNIS has become dependent on input from Federal, State, county, and local government agencies and other approved sources. The completeness, currency, and accuracy of the data varies by area depending on the quality and timeliness of that input. Accordingly, the Geographic Names Project actively seeks to expand partnerships with Government agencies at all levels and other interested organizations. The latest tools and methodologies are being applied, including web map and feature services, and joint or linked web applications, to ensure that local data are properly represented in the GNIS and through the GNIS to all Federal agencies and to the public. Feature additions or corrections are accepted for consideration from any source, and when validated by appropriate agencies, will be entered into the database. Local and State agencies are encouraged to submit data and to participate in the GNIS partnership program. Non-government organizations with valuable data are considered on a case basis. Authorized partners have access to web based transaction entry and edit forms, which submit data directly to the GNIS for review and inclusion in the database. Partners also submit batch files in most standard formats, and coordinate with the Geographic Names Project to develop joint services, processes, and applications for greatest efficiency. Data entered into the GNIS immediately is available to all web services and applications dependent on it. For additional information or to request user accounts for entry and edit of production data and web seminar training, contact gnis_manager@usgs.gov.</complete><posacc><horizpa><horizpar>Accuracy of these digital data is based upon the use of printed or electronic source graphics which are compiled to meet National Map Accuracy Standards. Comparison to the graphic source is used as control to assess digital positional accuracy.</horizpar></horizpa></posacc><lineage><srcinfo><srccite><citeinfo><origin>U.S. Geological Survey</origin><pubdate>Unknown</pubdate><title>1:24,000-scale topographic maps</title><geoform>Map</geoform><pubinfo><pubplace>Reston, VA</pubplace><publish>U.S. Geological Survey</publish></pubinfo></citeinfo></srccite><srcscale>24000</srcscale><typesrc>paper</typesrc><srctime><timeinfo><rngdates><begdate>unknown</begdate><enddate>present</enddate></rngdates></timeinfo><srccurr>publication date</srccurr></srctime><srccitea>USGS</srccitea><srccontr>Feature names and attribute data.</srccontr></srcinfo><srcinfo><srccite><citeinfo><origin>U.S. Geological Survey</origin><pubdate>Unpublished material</pubdate><title>Records of the U.S. Board on Geographic Names</title></citeinfo></srccite><typesrc>card, paper, and electronic files</typesrc><srctime><timeinfo><rngdates><begdate>1890</begdate><enddate>present</enddate></rngdates></timeinfo><srccurr>Creation date</srccurr></srctime><srccitea>USBGN</srccitea><srccontr>Feature names and attribute information</srccontr></srcinfo><srcinfo><srccite><citeinfo><origin>U.S. Forest Service</origin><pubdate>Unknown</pubdate><title>U.S. Forest Service 1:24,000-scale topographic maps and visitor maps</title></citeinfo></srccite><srcscale>24000</srcscale><typesrc>paper</typesrc><srctime><timeinfo><rngdates><begdate>Unknown</begdate><enddate>Present</enddate></rngdates></timeinfo><srccurr>Publication date</srccurr></srctime><srccitea>USFS</srccitea><srccontr>Feature names and attribute information</srccontr></srcinfo><srcinfo><srccite><citeinfo><origin>National Ocean Service (NOS)</origin><pubdate>Unknown</pubdate><title>National Ocean Service charts</title></citeinfo></srccite><typesrc>paper</typesrc><srctime><timeinfo><rngdates><begdate>Unknown</begdate><enddate>Present</enddate></rngdates></timeinfo><srccurr>Publication date</srccurr></srctime><srccitea>NOAA/NOS</srccitea><srccontr>Feature names and attribute information</srccontr></srcinfo><srcinfo><srccite><citeinfo><origin>The State Names Authorities</origin><origin>Council of Geographic Names Authorities (COGNA)</origin><origin>U.S. Forest Service</origin><origin>National Ocean Service (NOS)</origin><origin>National Park Service (NPS)</origin><origin>Other Federal, state and local agencies</origin><origin>Public</origin><pubdate>Unknown</pubdate><title>Unknown</title><othercit>Since the original data compilation was completed from the original sources, GNIS accepts data or data changes for consideration from any source, and upon validation by the Board on Geographic Names or the appropriate Federal or state agency, will enter the data into the database. The GNIS has an active data gathering and maintenance program. A web-based data date entry and edit application allows authorized users to submit transaction data directly for validation and entry into the database, where it immediately becomes available to all web services and applications. A test and demonstration site with no connection to production data is available for review, training, and familiarization. Batch files will be accepted in most standard formats. Government agencies at all levels are encouraged to join this program. Other organizations and individuals will be considered on a case basis. For additional information or to request user accounts for entry and edit of production data and web seminar training, contact gnis_manager@usgs.gov.</othercit></citeinfo></srccite><typesrc>Multiple electronic or text media types.</typesrc><srctime><timeinfo><rngdates><begdate>Unknown</begdate><enddate>Unknown</enddate></rngdates></timeinfo><srccurr>Unknown</srccurr></srctime><srccitea>Various</srccitea><srccontr>Feature names and attribute information</srccontr></srcinfo><procstep><procdesc>GNIS Phase I data compilation and edit - Feature name and attribute data were collected from the largest-scale USGS topographic maps available. These data are compared to the records of the U.S. Board on Geographic Names.</procdesc><srcused>USGS</srcused><srcused>USBGN</srcused><procdate>198105</procdate><proccont><cntinfo><cntperp><cntper>Roger L. Payne</cntper><cntorg>U.S. Geological Survey</cntorg></cntperp><cntpos>Chief, Geographic Names Project</cntpos><cntaddr><addrtype>Mailing address</addrtype><address>523 National Center</address><city>Reston</city><state>Virginia</state><postal>20192</postal></cntaddr><cntvoice>703 648 4544</cntvoice><cntemail>gnis_manager@usgs.gov</cntemail><hours>Monday through Friday 0730-1700 Eastern Time</hours></cntinfo></proccont></procstep><procstep><procdesc>GNIS Phase II data compilation and edit - Feature name and attribute data are collected from official state and local sources and other approved sources including historical maps and documents.</procdesc><srcused>USGS</srcused><srcused>USBGN</srcused><procdate>Not complete</procdate><proccont><cntinfo><cntperp><cntper>Roger L. Payne</cntper><cntorg>U.S. Geological Survey</cntorg></cntperp><cntpos>Chief, Geographic Names Project</cntpos><cntaddr><addrtype>Mailing address</addrtype><address>523 National Center</address><city>Reston</city><state>Virginia</state><postal>20192</postal></cntaddr><cntvoice>703 648 4544</cntvoice><cntemail>gnis_manager@usgs.gov</cntemail><hours>Monday through Friday 0730-1700 Eastern Time</hours></cntinfo></proccont></procstep><procstep><procdesc>GNIS Maintenance program - Federal and state maintenance cooperators submit new and corrected data in conjunction with their mapping and geographical information system data maintenance programs. The GNIS has an active data gathering and maintenance program. A web-based data date entry and edit application allows authorized users to submit transaction data directly for validation and entry into the database, where it immediately becomes available to all web services and applications. A test and demonstration site with no connection to production data is available for review, training, and familiarization. Batch files will be accepted in most standard formats. Government agencies at all levels are encouraged to join this program. Other organizations and individuals will be considered on a case basis. For additional information or to request user accounts for entry and edit of production data and web seminar training, contact gnis_manager@usgs.gov or the individual below.</procdesc><srcused>USGS</srcused><srcused>USBGN</srcused><srcused>USFS</srcused><srcused>Various</srcused><srcused>NOAA/NOS</srcused><procdate>Not complete</procdate><proccont><cntinfo><cntperp><cntper>Louis A. Yost</cntper><cntorg>U.S. Geological Survey</cntorg></cntperp><cntpos>Chief, Geographic Names Information Section</cntpos><cntaddr><addrtype>Mailing address</addrtype><address>523 National Center</address><city>Reston</city><state>Virginia</state><postal>20192</postal></cntaddr><cntvoice>703 648 4552</cntvoice><cntemail>lyost@usgs.gov</cntemail><hours>0900-1700 Eastern time</hours></cntinfo></proccont></procstep><procstep><procdesc>Partnerships - the Geographic Names Project enters into partnerships with State names authorities and State and local GIS agencies to integrate name, location, and attribute data in the GNIS with State and local datasets. These partnerships utilize GIS and web technology to automate and simplify data maintenance, ensure data consistency, integrity, and accuracy, and meet the requirements of the Board on Geographic Names for national names standardization. Government agencies at all levels are encouraged to join this program. Other organizations and individuals will be considered on a case basis. For additional information contact the individual below.</procdesc><procdate>Not complete</procdate><proccont><cntinfo><cntperp><cntper>Roger L. Payne</cntper><cntorg>U.S. Geological Survey</cntorg></cntperp><cntpos>Chief, Geographic Names Project</cntpos><cntaddr><addrtype>Mailing address</addrtype><address>523 National Center</address><city>Reston</city><state>Virginia</state><postal>20192</postal></cntaddr><cntvoice>703 648 4544</cntvoice><cntemail>gnis_manager@usgs.gov</cntemail><hours>Monday through Friday 0730-1700 Eastern Time</hours></cntinfo></proccont></procstep><procstep><procdesc>Generated shapefile from ASCII source file containing decimal degree coordinates. Defined projection as Geographic NAD 1983. Reprojected to OR Lambert Statwide Intl Feet NAD 1983. 
Deleted features that met the following conditions: 1) contained no geometry associated with them (i.e., no lat/longs present in original ASCII file), 2) represented GNIS data for states other than Oregon, and 3) features that were identified as Oregon place names, but fell outside of the state boundaries (exceptions include names of benthic features off the coast). 
</procdesc><srcused Sync="TRUE">S:\sdl\cultural\orgnis\OR_Features_20090203_metadata.xml</srcused><procdate Sync="TRUE">20090309</procdate><proctime Sync="TRUE">10343400</proctime><proccont><cntinfo><cntaddr><address>Oregon Geospatial Enterprise Office</address><addrtype>mailing and physical address</addrtype><address>955 Center St. NE  Room 470 </address><city>Salem</city><state>OR</state><postal>97301  </postal><country>USA</country></cntaddr><cntorgp><cntorg>Oregon Department of Administrative Services, Geospatial Enterprise Office (DAS-GEO)</cntorg></cntorgp><cntvoice>503-378-2166 </cntvoice><cntemail>gis_at_gis.state.or.us</cntemail><hours>8-5pm</hours><cntinst>http://gis.oregon.gov/DAS/EISPD/GEO/index.shtml</cntinst></cntinfo></proccont></procstep></lineage></dataqual><spdoinfo><indspref>Features are located by State and county, and related to the USGS topographic map on which the feature is shown.</indspref><direct Sync="TRUE">Vector</direct><ptvctinf><sdtsterm Name="orgnis_2009"><sdtstype Sync="TRUE">Entity point</sdtstype><ptvctcnt Sync="TRUE">55111</ptvctcnt></sdtsterm><sdtsterm><sdtstype>Area point</sdtstype></sdtsterm><sdtsterm><sdtstype>Node, planar graph</sdtstype></sdtsterm><sdtsterm><sdtstype>Complete chain</sdtstype></sdtsterm><sdtsterm><sdtstype>GT-polygon composed of chains</sdtstype></sdtsterm><esriterm Name="orgnis_2009"><efeatyp Sync="TRUE">Simple</efeatyp><efeageom Sync="TRUE">Point</efeageom><esritopo Sync="TRUE">FALSE</esritopo><efeacnt Sync="TRUE">55111</efeacnt><spindex Sync="TRUE">TRUE</spindex><linrefer Sync="TRUE">FALSE</linrefer></esriterm></ptvctinf></spdoinfo><spref><horizsys><cordsysn><geogcsn Sync="TRUE">GCS_North_American_1983</geogcsn><projcsn Sync="TRUE">NAD_1983_Oregon_Statewide_Lambert_Feet_Intl</projcsn></cordsysn><planar><planci><plance Sync="TRUE">coordinate pair</plance><plandu Sync="TRUE">international feet</plandu><coordrep><absres Sync="TRUE">0.000000</absres><ordres Sync="TRUE">0.000000</ordres></coordrep></planci><mapproj><mapprojn Sync="TRUE">Lambert Conformal Conic</mapprojn><lambertc><stdparll Sync="TRUE">43.000000</stdparll><stdparll Sync="TRUE">45.500000</stdparll><longcm Sync="TRUE">-120.500000</longcm><latprjo Sync="TRUE">41.750000</latprjo><feast Sync="TRUE">1312335.958005</feast><fnorth Sync="TRUE">0.000000</fnorth></lambertc></mapproj></planar><geodetic><horizdn Sync="TRUE">North American Datum of 1983</horizdn><ellips Sync="TRUE">Geodetic Reference System 80</ellips><semiaxis Sync="TRUE">6378137.000000</semiaxis><denflat Sync="TRUE">298.257222</denflat></geodetic></horizsys></spref><eainfo><detailed Name="orgnis_2009"><enttyp><enttypl Sync="TRUE">orgnis_2009</enttypl><enttypd>A geographic feature is any relatively permanent part of the natural or manmade landscape or seascape that has recognizable identity within a particular cultural context. The primary attributes of a geographic feature are name and location.</enttypd><enttypds>Principles, Policies, and Procedures: Domestic Geographic Names, By Donald J. Orth, Executive Secretary, Domestic Geographic Names (emeritus) and Roger L. Payne, Executive Secretary, United States Board on Geographic Names and Domestic Geographic Names, Third printing (revised) and Preliminary Online Edition, 1997 (http://geonames.usgs.gov/pppdgn.html).</enttypds><enttypt Sync="TRUE">Feature Class</enttypt><enttypc Sync="TRUE">55111</enttypc></enttyp><attr><attrlabl Sync="TRUE">FID</attrlabl><attalias Sync="TRUE">FID</attalias><attrtype Sync="TRUE">OID</attrtype><attwidth Sync="TRUE">4</attwidth><atprecis Sync="TRUE">0</atprecis><attscale Sync="TRUE">0</attscale><attrdef Sync="TRUE">Internal feature number.</attrdef><attrdefs Sync="TRUE">ESRI</attrdefs><attrdomv><udom Sync="TRUE">Sequential unique whole numbers that are automatically generated.</udom></attrdomv></attr><attr><attrlabl Sync="TRUE">Shape</attrlabl><attalias Sync="TRUE">Shape</attalias><attrtype Sync="TRUE">Geometry</attrtype><attwidth Sync="TRUE">0</attwidth><atprecis Sync="TRUE">0</atprecis><attscale Sync="TRUE">0</attscale><attrdef Sync="TRUE">Feature geometry.</attrdef><attrdefs Sync="TRUE">ESRI</attrdefs><attrdomv><udom Sync="TRUE">Coordinates defining the features.</udom></attrdomv></attr><attr><attrlabl Sync="TRUE">FEATURE_NA</attrlabl><attalias Sync="TRUE">FEATURE_NA</attalias><attrtype Sync="TRUE">String</attrtype><attwidth Sync="TRUE">75</attwidth></attr><attr><attrlabl Sync="TRUE">FEATURE_CL</attrlabl><attalias Sync="TRUE">FEATURE_CL</attalias><attrtype Sync="TRUE">String</attrtype><attwidth Sync="TRUE">25</attwidth></attr><attr><attrlabl Sync="TRUE">STATE_ALPH</attrlabl><attalias Sync="TRUE">STATE_ALPH</attalias><attrtype Sync="TRUE">String</attrtype><attwidth Sync="TRUE">2</attwidth></attr><attr><attrlabl Sync="TRUE">COUNTY_NAM</attrlabl><attalias Sync="TRUE">COUNTY_NAM</attalias><attrtype Sync="TRUE">String</attrtype><attwidth Sync="TRUE">15</attwidth></attr><attr><attrlabl Sync="TRUE">PRIMARY_LA</attrlabl><attalias Sync="TRUE">PRIMARY_LA</attalias><attrtype Sync="TRUE">String</attrtype><attwidth Sync="TRUE">10</attwidth></attr><attr><attrlabl Sync="TRUE">PRIM_LONG_</attrlabl><attalias Sync="TRUE">PRIM_LONG_</attalias><attrtype Sync="TRUE">String</attrtype><attwidth Sync="TRUE">10</attwidth></attr><attr><attrlabl Sync="TRUE">PRIM_LAT_D</attrlabl><attalias Sync="TRUE">PRIM_LAT_D</attalias><attrtype Sync="TRUE">Float</attrtype><attwidth Sync="TRUE">19</attwidth><atnumdec Sync="TRUE">11</atnumdec></attr><attr><attrlabl Sync="TRUE">PRIM_LONG1</attrlabl><attalias Sync="TRUE">PRIM_LONG1</attalias><attrtype Sync="TRUE">Float</attrtype><attwidth Sync="TRUE">19</attwidth><atnumdec Sync="TRUE">11</atnumdec></attr><attr><attrlabl Sync="TRUE">SOURCE_LAT</attrlabl><attalias Sync="TRUE">SOURCE_LAT</attalias><attrtype Sync="TRUE">String</attrtype><attwidth Sync="TRUE">10</attwidth></attr><attr><attrlabl Sync="TRUE">SOURCE_LON</attrlabl><attalias Sync="TRUE">SOURCE_LON</attalias><attrtype Sync="TRUE">String</attrtype><attwidth Sync="TRUE">10</attwidth></attr><attr><attrlabl Sync="TRUE">SOURCE_L_1</attrlabl><attalias Sync="TRUE">SOURCE_L_1</attalias><attrtype Sync="TRUE">Float</attrtype><attwidth Sync="TRUE">19</attwidth><atnumdec Sync="TRUE">11</atnumdec></attr><attr><attrlabl Sync="TRUE">SOURCE_L_2</attrlabl><attalias Sync="TRUE">SOURCE_L_2</attalias><attrtype Sync="TRUE">Float</attrtype><attwidth Sync="TRUE">19</attwidth><atnumdec Sync="TRUE">11</atnumdec></attr><attr><attrlabl Sync="TRUE">MAP_NAME
</attrlabl><attalias Sync="TRUE">MAP_NAME
</attalias><attrtype Sync="TRUE">String</attrtype><attwidth Sync="TRUE">30</attwidth><atprecis Sync="TRUE">0</atprecis><attscale Sync="TRUE">0</attscale></attr><attr><attrlabl Sync="TRUE">STATE_NUM</attrlabl><attalias Sync="TRUE">STATE_NUM</attalias><attrtype Sync="TRUE">String</attrtype><attwidth Sync="TRUE">50</attwidth></attr><attr><attrlabl Sync="TRUE">COUNTY_NUM</attrlabl><attalias Sync="TRUE">COUNTY_NUM</attalias><attrtype Sync="TRUE">String</attrtype><attwidth Sync="TRUE">50</attwidth></attr><attr><attrlabl Sync="TRUE">ELEV</attrlabl><attalias Sync="TRUE">ELEV</attalias><attrtype Sync="TRUE">Float</attrtype><attwidth Sync="TRUE">19</attwidth><atnumdec Sync="TRUE">11</atnumdec></attr></detailed></eainfo><distinfo><distrib><cntinfo><cntorgp><cntorg>Geographic Names Project, U.S. Geological Survey</cntorg></cntorgp><cntaddr><addrtype>Mailing address</addrtype><address>523 National Center</address><city>Reston</city><state>Virginia</state><postal>20192</postal></cntaddr><cntvoice>703 648 4544</cntvoice><cntemail>gnis_manager@usgs.gov</cntemail><hours>Monday through Friday 0730-1700 Eastern Time</hours></cntinfo></distrib><resdesc>Document of Geographic Names Information System (GNIS) Metadata</resdesc><distliab>Although these data have been processed successfully on a computer system at the U.S. Geological Survey, no warranty expressed or implied is made by the USGS regarding the utility of the data on any other system, nor shall the act of distribution constitute any such warranty. The Geological Survey will warrant the delivery of this product in computer-readable format.</distliab><stdorder><digform><digtinfo><formname>HTML.</formname><formcont>All GNIS data may be queried, displayed printed from the public web site</formcont><transize Sync="TRUE">1.472</transize><dssize Sync="TRUE">1.472</dssize></digtinfo><digtopt><onlinopt><computer><networka><networkr>http://geonames.usgs.gov/pls/gnispublic</networkr></networka></computer></onlinopt></digtopt></digform><fees>None</fees></stdorder><stdorder><digform><digtinfo><formname>ASCII.</formname><formcont>Datasets of under 2000 records may be queried and displayed from the public web site and downloaded</formcont><transize Sync="TRUE">1.472</transize><dssize Sync="TRUE">1.472</dssize></digtinfo><digtopt><onlinopt><computer><networka><networkr>http://geonames.usgs.gov/pls/gnispublic</networkr></networka></computer></onlinopt></digtopt></digform><fees>None</fees></stdorder><stdorder><digform><digtinfo><formname>Arc SDE.</formname><formcont>Primary attributes are available from the names layers served through an ESRI ArcIMS map service. The following are instructions for access by ESRI ArcMap. For other tools, please adjust accordingly. 1) Click Add Data, 2) expand drop-down to GIS Servers, 3) select Add WMS Server, 4) enter the following full URL (NOTE: For ArcMap, the ampersand must be at the end of the URL), 5) click Get Layers, then OK, (The service is added to the list of available servers), 6) select service if not already highlighted, 7) click Add, 8) select the service again in pop up box, 9) click Add. The layers should appear in the ArcMap table of contents. No data will appear until you zoom in far enough over continental the US to at least 1:2 million. The layers display at varying resolutions. See these same layers in The National Map viewer under the Names category in the layer list on the right side. The names layers do not include all attributes. Customized files of large data sets also can be provided on request in most standard formats including shape files. The data is presented</formcont><transize Sync="TRUE">1.472</transize><dssize Sync="TRUE">1.472</dssize></digtinfo><digtopt><onlinopt><computer><networka><networkr>http://geonamesmap.er.usgs.gov/OGCConnector/servlet/OGCConnector?ServiceName=us_gnis&amp;</networkr></networka></computer></onlinopt></digtopt></digform><fees>None</fees></stdorder><stdorder><digform><digtinfo><formname>XML.</formname><formcont>Primary attributes are available from the GNIS XML service. Instructions: Insert desired parameter value(s) in single quotes following the equals sign. Do not change or delete unused parameters. Parameter definitions: fname = feature name. (Exact match. Not case sensitive.) state = state name. (Exact match. Case sensitive.) cnty = county name. (Exact match. Not case sensitive.) cell = USGS standard topographic map name. (Exact match. Not case sensitive.) ftype = feature type (class). See the GNIS public query page (http://geonames.usgs.gov/pls/gnispublic/). The pick list for feature class contains the values. Note that the value (populated place) in the pick list is abbreviated (ppl) in the data. This service is evolving and will be upgraded in early 2006. It can be further customized and changes may be made or new services added. As currently implemented, it is for relatively small data set queries not for mass downloads. It does not include all attributes. Customized files of large data sets also can be provided on request in most standard formats. The data is presented</formcont><transize Sync="TRUE">1.472</transize><dssize Sync="TRUE">1.472</dssize></digtinfo><digtopt><onlinopt><computer><networka><networkr>http://geonames.usgs.gov/pls/gnis/x?fname=&amp;state=&amp;cnty=&amp;cell=&amp;ftype=</networkr></networka></computer></onlinopt></digtopt></digform><fees>None</fees></stdorder><stdorder><digform><digtinfo><formname>ASCII.</formname><formcont>Data extract files for States and territories are available for download via web browser. Four topical extracts of the data base are also available: the U.S. Populated Places File lists information about all communities throughout the United States that are described in the database; the U.S. Concise File lists information about major physical and cultural features throughout the United States that are described in the database; the Historical Features File lists information about features which are no longer in existence; and the Antarctica File contains entries throughout the continent of Antarctica as approved for use by the United States Government. The data is presented</formcont><transize Sync="TRUE">1.472</transize><dssize Sync="TRUE">1.472</dssize></digtinfo><digtopt><onlinopt><computer><networka><networkr>http://geonames.usgs.gov/</networkr></networka></computer></onlinopt></digtopt></digform><fees>None</fees></stdorder><custom>Custom data sets may be requested in most standard formats including ASCII, shape, .xls, and Oracle extract. Contact gnis_manager@usgs.gov</custom></distinfo><metainfo><metd Sync="TRUE">20090309</metd><metc><cntinfo><cntperp><cntper>Roger L. Payne</cntper><cntorg>U.S. Geological Survey</cntorg></cntperp><cntpos>Chief, Geographic Names Project</cntpos><cntaddr><addrtype>Mailing address</addrtype><address>523 National Center</address><city>Reston</city><state>Virginia</state><postal>20192</postal></cntaddr><cntvoice>703 648 4544</cntvoice></cntinfo></metc><metstdn Sync="TRUE">FGDC Content Standards for Digital Geospatial Metadata</metstdn><metstdv Sync="TRUE">FGDC-STD-001-1998</metstdv><langmeta Sync="TRUE">en</langmeta><mettc Sync="TRUE">local time</mettc><metextns><onlink Sync="TRUE">http://www.esri.com/metadata/esriprof80.html</onlink><metprof Sync="TRUE">ESRI Metadata Profile</metprof></metextns></metainfo><Esri><MetaID>{39FBDA15-B84D-4FC9-9BD0-D7A6B0F9DA09}</MetaID><CreaDate>20090309</CreaDate><CreaTime>10343400</CreaTime><SyncOnce>FALSE</SyncOnce><SyncDate>20090309</SyncDate><SyncTime>10502400</SyncTime><ModDate>20090309</ModDate><ModTime>10502400</ModTime></Esri><dataIdInfo><envirDesc Sync="TRUE">Microsoft Windows XP Version 5.1 (Build 2600) Service Pack 3; ESRI ArcCatalog 9.3.0.1770</envirDesc><dataLang><languageCode Sync="TRUE" value="en"></languageCode></dataLang><idCitation><resTitle Sync="TRUE">orgnis_2009</resTitle><presForm><PresFormCd Sync="TRUE" value="005"></PresFormCd></presForm></idCitation><spatRpType><SpatRepTypCd Sync="TRUE" value="001"></SpatRepTypCd></spatRpType><dataExt><geoEle><GeoBndBox esriExtentType="native"><westBL Sync="TRUE">174104.912402</westBL><eastBL Sync="TRUE">2345253.892388</eastBL><northBL Sync="TRUE">1675866.146325</northBL><southBL Sync="TRUE">-52584.748688</southBL><exTypeCode Sync="TRUE">1</exTypeCode></GeoBndBox></geoEle></dataExt><geoBox esriExtentType="decdegrees"><westBL Sync="TRUE">-125.000452</westBL><eastBL Sync="TRUE">-116.415223</eastBL><northBL Sync="TRUE">46.346985</northBL><southBL Sync="TRUE">41.526813</southBL><exTypeCode Sync="TRUE">1</exTypeCode></geoBox></dataIdInfo><mdLang><languageCode Sync="TRUE" value="en"></languageCode></mdLang><mdStanName Sync="TRUE">ISO 19115 Geographic Information - Metadata</mdStanName><mdStanVer Sync="TRUE">DIS_ESRI1.0</mdStanVer><mdChar><CharSetCd Sync="TRUE" value="004"></CharSetCd></mdChar><mdHrLv><ScopeCd Sync="TRUE" value="005"></ScopeCd></mdHrLv><mdHrLvName Sync="TRUE">dataset</mdHrLvName><distInfo><distributor><distorTran><onLineSrc><orDesc Sync="TRUE">002</orDesc><linkage Sync="TRUE">file://\\WPV01DB001\GIS\sdl\cultural\orgnis\orgnis_2009.shp</linkage><protocol Sync="TRUE">Local Area Network</protocol></onLineSrc><transSize Sync="TRUE">1.472</transSize></distorTran><distorFormat><formatName Sync="TRUE">Shapefile</formatName></distorFormat></distributor></distInfo><refSysInfo><RefSystem><refSysID><identCode Sync="TRUE">NAD_1983_Oregon_Statewide_Lambert_Feet_Intl</identCode></refSysID></RefSystem></refSysInfo><spatRepInfo><VectSpatRep><topLvl><TopoLevCd Sync="TRUE" value="001"></TopoLevCd></topLvl><geometObjs Name="orgnis_2009"><geoObjTyp><GeoObjTypCd Sync="TRUE" value="004"></GeoObjTypCd></geoObjTyp><geoObjCnt Sync="TRUE">55111</geoObjCnt></geometObjs></VectSpatRep></spatRepInfo><mdDateSt Sync="TRUE">20090309</mdDateSt></metadata>
