{
"type": "FeatureCollection",
"features": [
{ "type": "Feature", "properties": { "AREA": 0.000000, "PERIMETER": 0.000000, "TIDES_": 1.000000, "TIDES_ID": 2.000000, "NAME": "Nehalem", "STREAM": "Gallagher Sl", "LOCATION": "T3N R10W Sec 35 - DIKED", "OBSERVED": "Aug 20 1979" }, "geometry": { "type": "Point", "coordinates": [ 448728.000000, 1457872.000000 ] } }
,
{ "type": "Feature", "properties": { "AREA": 0.000000, "PERIMETER": 0.000000, "TIDES_": 2.000000, "TIDES_ID": 3.000000, "NAME": "Nehalem", "STREAM": "Alder Cr", "LOCATION": "T3N R10W Sec 27", "OBSERVED": "Aug 20 1979" }, "geometry": { "type": "Point", "coordinates": [ 443332.968750, 1462392.125000 ] } }
,
{ "type": "Feature", "properties": { "AREA": 0.000000, "PERIMETER": 0.000000, "TIDES_": 3.000000, "TIDES_ID": 5.000000, "NAME": "Nehalem", "STREAM": "Cheviot Cr", "LOCATION": "T2N R10W Sec 4 - NO TIDE EFFECT", "OBSERVED": "NA" }, "geometry": { "type": "Point", "coordinates": [ 437573.437500, 1451747.875000 ] } }
,
{ "type": "Feature", "properties": { "AREA": 0.000000, "PERIMETER": 0.000000, "TIDES_": 4.000000, "TIDES_ID": 6.000000, "NAME": "Nehalem", "STREAM": "Foley Cr", "LOCATION": "T3N R10W Sec 36", "OBSERVED": "Aug 20 1979" }, "geometry": { "type": "Point", "coordinates": [ 457257.968750, 1456413.875000 ] } }
,
{ "type": "Feature", "properties": { "AREA": 0.000000, "PERIMETER": 0.000000, "TIDES_": 5.000000, "TIDES_ID": 7.000000, "NAME": "Nehalem", "STREAM": "Nehalem River", "LOCATION": "T3N R9W Sec 31 - RM 8.9", "OBSERVED": "Aug 20 1979" }, "geometry": { "type": "Point", "coordinates": [ 462324.937500, 1455502.500000 ] } }
,
{ "type": "Feature", "properties": { "AREA": 0.000000, "PERIMETER": 0.000000, "TIDES_": 6.000000, "TIDES_ID": 8.000000, "NAME": "Nehalem", "STREAM": "Anderson Cr", "LOCATION": "T3N R10W Sec 14", "OBSERVED": "Aug 20 1979" }, "geometry": { "type": "Point", "coordinates": [ 451571.343750, 1472052.125000 ] } }
,
{ "type": "Feature", "properties": { "AREA": 0.000000, "PERIMETER": 0.000000, "TIDES_": 7.000000, "TIDES_ID": 9.000000, "NAME": "Nehalem", "STREAM": "Unnamed Trib", "LOCATION": "NA", "OBSERVED": "NA" }, "geometry": { "type": "Point", "coordinates": [ 453357.531250, 1472854.125000 ] } }
,
{ "type": "Feature", "properties": { "AREA": 0.000000, "PERIMETER": 0.000000, "TIDES_": 8.000000, "TIDES_ID": 10.000000, "NAME": "Nehalem", "STREAM": "Coal Cr", "LOCATION": "T3N R10W Sec 14", "OBSERVED": "Aug 20 1979" }, "geometry": { "type": "Point", "coordinates": [ 453430.437500, 1474421.625000 ] } }
,
{ "type": "Feature", "properties": { "AREA": 0.000000, "PERIMETER": 0.000000, "TIDES_": 9.000000, "TIDES_ID": 11.000000, "NAME": "Nehalem", "STREAM": "Coal Cr", "LOCATION": "T3N R10W Sec 13", "OBSERVED": "NA" }, "geometry": { "type": "Point", "coordinates": [ 454779.187500, 1473692.500000 ] } }
,
{ "type": "Feature", "properties": { "AREA": 0.000000, "PERIMETER": 0.000000, "TIDES_": 10.000000, "TIDES_ID": 12.000000, "NAME": "Nehalem", "STREAM": "NA", "LOCATION": "T3N R10W Sec 13", "OBSERVED": "NA" }, "geometry": { "type": "Point", "coordinates": [ 457987.031250, 1476754.625000 ] } }
,
{ "type": "Feature", "properties": { "AREA": 0.000000, "PERIMETER": 0.000000, "TIDES_": 11.000000, "TIDES_ID": 13.000000, "NAME": "Nehalem", "STREAM": "NA", "LOCATION": "T3N R10W Sec 24", "OBSERVED": "NA" }, "geometry": { "type": "Point", "coordinates": [ 454378.187500, 1470302.375000 ] } }
,
{ "type": "Feature", "properties": { "AREA": 0.000000, "PERIMETER": 0.000000, "TIDES_": 12.000000, "TIDES_ID": 14.000000, "NAME": "Nehalem", "STREAM": "NA", "LOCATION": "T3N R10W Sec 24", "OBSERVED": "NA" }, "geometry": { "type": "Point", "coordinates": [ 454669.812500, 1470995.000000 ] } }
,
{ "type": "Feature", "properties": { "AREA": 0.000000, "PERIMETER": 0.000000, "TIDES_": 13.000000, "TIDES_ID": 15.000000, "NAME": "Nehalem", "STREAM": "Bobs Cr", "LOCATION": "T3N R10W Sec 23 - NO TIDE EFFECT", "OBSERVED": "Aug 20 1979" }, "geometry": { "type": "Point", "coordinates": [ 450222.562500, 1467823.625000 ] } }
,
{ "type": "Feature", "properties": { "AREA": 0.000000, "PERIMETER": 0.000000, "TIDES_": 14.000000, "TIDES_ID": 16.000000, "NAME": "Nehalem", "STREAM": "North Fork", "LOCATION": "T4N R9W Sec 32 - RM 6.2", "OBSERVED": "Aug 20 1979" }, "geometry": { "type": "Point", "coordinates": [ 464986.000000, 1488164.375000 ] } }
,
{ "type": "Feature", "properties": { "AREA": 0.000000, "PERIMETER": 0.000000, "TIDES_": 15.000000, "TIDES_ID": 4.000000, "NAME": "Nehalem", "STREAM": "Messhouse Cr", "LOCATION": "T2N r10w Sec 17 - AT HWY CULVERT", "OBSERVED": "Sept 12, 198" }, "geometry": { "type": "Point", "coordinates": [ 436938.406250, 1446284.250000 ] } }
,
{ "type": "Feature", "properties": { "AREA": 0.000000, "PERIMETER": 0.000000, "TIDES_": 16.000000, "TIDES_ID": 1.000000, "NAME": "Nehalem", "STREAM": "Jetty Cr", "LOCATION": "T2N R10W Sec 17 - NO TIDE EFFECT", "OBSERVED": "Sept 12 1984" }, "geometry": { "type": "Point", "coordinates": [ 435216.250000, 1442446.625000 ] } }
,
{ "type": "Feature", "properties": { "AREA": 0.000000, "PERIMETER": 0.000000, "TIDES_": 17.000000, "TIDES_ID": 17.000000, "NAME": "Arch Cape", "STREAM": "Short Sand Cr", "LOCATION": "T3N R10W Sec 7 - NO TIDE EFFECT", "OBSERVED": "Sept 12 1984" }, "geometry": { "type": "Point", "coordinates": [ 427989.031250, 1480139.125000 ] } }
,
{ "type": "Feature", "properties": { "AREA": 0.000000, "PERIMETER": 0.000000, "TIDES_": 18.000000, "TIDES_ID": 20.000000, "NAME": "Arch Cape", "STREAM": "Fall Cr", "LOCATION": "T4N R10W Sec 18 - NO TIDE EFFECT", "OBSERVED": "Sept 12 1984" }, "geometry": { "type": "Point", "coordinates": [ 430099.500000, 1505886.875000 ] } }
,
{ "type": "Feature", "properties": { "AREA": 0.000000, "PERIMETER": 0.000000, "TIDES_": 19.000000, "TIDES_ID": 21.000000, "NAME": "Arch Cape", "STREAM": "Red Rock Cr", "LOCATION": "T4N R10W Sec 7 - NO TIDE EFFECT", "OBSERVED": "Sept 12 1984" }, "geometry": { "type": "Point", "coordinates": [ 430581.906250, 1511012.250000 ] } }
,
{ "type": "Feature", "properties": { "AREA": 0.000000, "PERIMETER": 0.000000, "TIDES_": 20.000000, "TIDES_ID": 19.000000, "NAME": "Arch Cape", "STREAM": "Shark Cr", "LOCATION": "T4N R10W Sec 19 - NO TIDE EFFECT", "OBSERVED": "Sept 12 1984" }, "geometry": { "type": "Point", "coordinates": [ 429556.812500, 1500279.000000 ] } }
,
{ "type": "Feature", "properties": { "AREA": 0.000000, "PERIMETER": 0.000000, "TIDES_": 21.000000, "TIDES_ID": 18.000000, "NAME": "Arch Cape", "STREAM": "Arch Cape Cr", "LOCATION": "T4N R10W Sec 30 - NO TIDE EFFECT", "OBSERVED": "Sept 12 1984" }, "geometry": { "type": "Point", "coordinates": [ 428592.031250, 1496178.625000 ] } }
,
{ "type": "Feature", "properties": { "AREA": 0.000000, "PERIMETER": 0.000000, "TIDES_": 22.000000, "TIDES_ID": 26.000000, "NAME": "Sand Lake Area", "STREAM": "Rover Cr", "LOCATION": "ON THE BEACH", "OBSERVED": "NA" }, "geometry": { "type": "Point", "coordinates": [ 420994.343750, 1323180.250000 ] } }
,
{ "type": "Feature", "properties": { "AREA": 0.000000, "PERIMETER": 0.000000, "TIDES_": 23.000000, "TIDES_ID": 24.000000, "NAME": "Sand Lake Area", "STREAM": "Miles Lake Cr", "LOCATION": "ON THE BEACH", "OBSERVED": "NA" }, "geometry": { "type": "Point", "coordinates": [ 418582.375000, 1288990.625000 ] } }
,
{ "type": "Feature", "properties": { "AREA": 0.000000, "PERIMETER": 0.000000, "TIDES_": 24.000000, "TIDES_ID": 25.000000, "NAME": "Sand Lake Area", "STREAM": "Allen Cr", "LOCATION": "ON THE BEACH", "OBSERVED": "NA" }, "geometry": { "type": "Point", "coordinates": [ 421657.625000, 1319140.250000 ] } }
,
{ "type": "Feature", "properties": { "AREA": 0.000000, "PERIMETER": 0.000000, "TIDES_": 25.000000, "TIDES_ID": 22.000000, "NAME": "Sand Lake Area", "STREAM": "Sand Lake", "LOCATION": "ALL - TIDEGATE AT DIKE", "OBSERVED": "NA" }, "geometry": { "type": "Point", "coordinates": [ 428833.218750, 1311180.750000 ] } }
,
{ "type": "Feature", "properties": { "AREA": 0.000000, "PERIMETER": 0.000000, "TIDES_": 26.000000, "TIDES_ID": 23.000000, "NAME": "Sand Lake Area", "STREAM": "Reneke Cr", "LOCATION": "NEAR MOUTH", "OBSERVED": "NA" }, "geometry": { "type": "Point", "coordinates": [ 423225.406250, 1299482.750000 ] } }
,
{ "type": "Feature", "properties": { "AREA": 0.000000, "PERIMETER": 0.000000, "TIDES_": 27.000000, "TIDES_ID": 27.000000, "NAME": "Netarts Bay Area", "STREAM": "O Hara Cr", "LOCATION": "T2S R10W Sec 5 - NO TIDE EFFECT", "OBSERVED": "Sept 26, 198" }, "geometry": { "type": "Point", "coordinates": [ 428049.343750, 1360384.875000 ] } }
,
{ "type": "Feature", "properties": { "AREA": 0.000000, "PERIMETER": 0.000000, "TIDES_": 28.000000, "TIDES_ID": 28.000000, "NAME": "Netarts Bay Area", "STREAM": "Rice Cr", "LOCATION": "T2S R10W Sec 5  - E OF HWY BRIDGE", "OBSERVED": "Sept 26, 198" }, "geometry": { "type": "Point", "coordinates": [ 429617.125000, 1358636.250000 ] } }
,
{ "type": "Feature", "properties": { "AREA": 0.000000, "PERIMETER": 0.000000, "TIDES_": 29.000000, "TIDES_ID": 29.000000, "NAME": "Netarts Bay Area", "STREAM": "Yager Cr", "LOCATION": "TIDE GATE AT MOUTH", "OBSERVED": "May 12, 1988" }, "geometry": { "type": "Point", "coordinates": [ 430642.187500, 1354234.375000 ] } }
,
{ "type": "Feature", "properties": { "AREA": 0.000000, "PERIMETER": 0.000000, "TIDES_": 30.000000, "TIDES_ID": 33.000000, "NAME": "Netarts Bay Area", "STREAM": "Fall Cr", "LOCATION": "T1S R10W Sec 31 - ON THE BEACH", "OBSERVED": "Sept 26, 198" }, "geometry": { "type": "Point", "coordinates": [ 425456.468750, 1363882.250000 ] } }
,
{ "type": "Feature", "properties": { "AREA": 0.000000, "PERIMETER": 0.000000, "TIDES_": 31.000000, "TIDES_ID": 34.000000, "NAME": "Netarts Bay Area", "STREAM": "Short Cr", "LOCATION": "T1S R10W Sec 24 - ON THE BEACH", "OBSERVED": "Sept 26, 198" }, "geometry": { "type": "Point", "coordinates": [ 422743.000000, 1375580.250000 ] } }
,
{ "type": "Feature", "properties": { "AREA": 0.000000, "PERIMETER": 0.000000, "TIDES_": 32.000000, "TIDES_ID": 30.000000, "NAME": "Netarts Bay Area", "STREAM": "Whiskey Cr", "LOCATION": "T2S R10W Sec 17 - E OF HWY BRIDGE", "OBSERVED": "May 12, 1988" }, "geometry": { "type": "Point", "coordinates": [ 430099.500000, 1346817.625000 ] } }
,
{ "type": "Feature", "properties": { "AREA": 0.000000, "PERIMETER": 0.000000, "TIDES_": 33.000000, "TIDES_ID": 31.000000, "NAME": "Netarts Bay Area", "STREAM": "Jackson Cr", "LOCATION": "T2S R10W Sec 30", "OBSERVED": "May 12, 1988" }, "geometry": { "type": "Point", "coordinates": [ 422320.906250, 1337531.500000 ] } }
,
{ "type": "Feature", "properties": { "AREA": 0.000000, "PERIMETER": 0.000000, "TIDES_": 34.000000, "TIDES_ID": 32.000000, "NAME": "Netarts Bay Area", "STREAM": "Cape Cr", "LOCATION": "T3S R11W Sec 36 - NO TIDE EFFECT", "OBSERVED": "Sept 26, 198" }, "geometry": { "type": "Point", "coordinates": [ 413517.218750, 1326617.375000 ] } }
,
{ "type": "Feature", "properties": { "AREA": 0.000000, "PERIMETER": 0.000000, "TIDES_": 35.000000, "TIDES_ID": 36.000000, "NAME": "Nestucca Bay Area", "STREAM": "Little Nestucca River", "LOCATION": "T5S R10W Sec 9, RM 3.2", "OBSERVED": "Mar 29, 1979" }, "geometry": { "type": "Point", "coordinates": [ 434139.562500, 1255946.750000 ] } }
,
{ "type": "Feature", "properties": { "AREA": 0.000000, "PERIMETER": 0.000000, "TIDES_": 36.000000, "TIDES_ID": 37.000000, "NAME": "Nestucca Bay Area", "STREAM": "Daley Lake Cr", "LOCATION": "T5S R11W Sec 13 - ON THE BEACH", "OBSERVED": "SEPT 26, 198" }, "geometry": { "type": "Point", "coordinates": [ 416049.781250, 1255404.000000 ] } }
,
{ "type": "Feature", "properties": { "AREA": 0.000000, "PERIMETER": 0.000000, "TIDES_": 37.000000, "TIDES_ID": 35.000000, "NAME": "Nestucca Bay Area", "STREAM": "Nestucca River", "LOCATION": "T4S R10w Sec 14, - RM 8.5", "OBSERVED": "Mar 29, 1979" }, "geometry": { "type": "Point", "coordinates": [ 440651.875000, 1284830.000000 ] } }
,
{ "type": "Feature", "properties": { "AREA": 0.000000, "PERIMETER": 0.000000, "TIDES_": 38.000000, "TIDES_ID": 38.000000, "NAME": "Neskowin Area", "STREAM": "Salmon River", "LOCATION": "T6S R10W Sec 29, RM 5", "OBSERVED": "Mar 14, 1979" }, "geometry": { "type": "Point", "coordinates": [ 423225.406250, 1209516.250000 ] } }
,
{ "type": "Feature", "properties": { "AREA": 0.000000, "PERIMETER": 0.000000, "TIDES_": 39.000000, "TIDES_ID": 39.000000, "NAME": "Neskowin Area", "STREAM": "Rowdy Cr", "LOCATION": "T6S R11W Sec 25", "OBSERVED": "Mar 14, 1979" }, "geometry": { "type": "Point", "coordinates": [ 413456.937500, 1211506.125000 ] } }
,
{ "type": "Feature", "properties": { "AREA": 0.000000, "PERIMETER": 0.000000, "TIDES_": 40.000000, "TIDES_ID": 40.000000, "NAME": "Neskowin Area", "STREAM": "Salmon Cr", "LOCATION": "TIDE GATE", "OBSERVED": "NA" }, "geometry": { "type": "Point", "coordinates": [ 416532.187500, 1214219.625000 ] } }
,
{ "type": "Feature", "properties": { "AREA": 0.000000, "PERIMETER": 0.000000, "TIDES_": 41.000000, "TIDES_ID": 41.000000, "NAME": "Neskowin Area", "STREAM": "Neskowin Cr", "LOCATION": "T5S R11W Sec 36", "OBSERVED": "May 12, 1988" }, "geometry": { "type": "Point", "coordinates": [ 415085.000000, 1237314.250000 ] } }
,
{ "type": "Feature", "properties": { "AREA": 0.000000, "PERIMETER": 0.000000, "TIDES_": 42.000000, "TIDES_ID": 51.000000, "NAME": "Tillamook Bay", "STREAM": "Paterson Cr", "LOCATION": "T1N R10W Sec 34 - AT RELOCATED HWY", "OBSERVED": "Sept 25, 198" }, "geometry": { "type": "Point", "coordinates": [ 443546.218750, 1393067.000000 ] } }
,
{ "type": "Feature", "properties": { "AREA": 0.000000, "PERIMETER": 0.000000, "TIDES_": 43.000000, "TIDES_ID": 50.000000, "NAME": "Tillamook Bay", "STREAM": "Larson Cr", "LOCATION": "T1N R10W Sec 34 - NO TIDE EFFECT", "OBSERVED": "Sept 25, 198" }, "geometry": { "type": "Point", "coordinates": [ 442159.343750, 1397589.500000 ] } }
,
{ "type": "Feature", "properties": { "AREA": 0.000000, "PERIMETER": 0.000000, "TIDES_": 44.000000, "TIDES_ID": 48.000000, "NAME": "Tillamook Bay", "STREAM": "Illingsworth Cr", "LOCATION": "T1n R10w Sec 23", "OBSERVED": "Mar 27, 1979" }, "geometry": { "type": "Point", "coordinates": [ 446440.562500, 1407116.750000 ] } }
,
{ "type": "Feature", "properties": { "AREA": 0.000000, "PERIMETER": 0.000000, "TIDES_": 45.000000, "TIDES_ID": 47.000000, "NAME": "Tillamook Bay", "STREAM": "Miami River", "LOCATION": "T1N R10W Sec 14 - RM 0.8", "OBSERVED": "Mar 27, 1979" }, "geometry": { "type": "Point", "coordinates": [ 446802.375000, 1408503.500000 ] } }
,
{ "type": "Feature", "properties": { "AREA": 0.000000, "PERIMETER": 0.000000, "TIDES_": 46.000000, "TIDES_ID": 49.000000, "NAME": "Tillamook Bay", "STREAM": "Electric Cr", "LOCATION": "T1N R10W Sec 22 - NO TIDE EFFECT", "OBSERVED": "Sept 25, 198" }, "geometry": { "type": "Point", "coordinates": [ 442882.937500, 1406513.750000 ] } }
,
{ "type": "Feature", "properties": { "AREA": 0.000000, "PERIMETER": 0.000000, "TIDES_": 47.000000, "TIDES_ID": 46.000000, "NAME": "Tillamook Bay", "STREAM": "Smith Cr", "LOCATION": "T1N R10W Sec 20 - NO TIDE EFFECT", "OBSERVED": "Sept 25, 198" }, "geometry": { "type": "Point", "coordinates": [ 432571.750000, 1408503.625000 ] } }
,
{ "type": "Feature", "properties": { "AREA": 0.000000, "PERIMETER": 0.000000, "TIDES_": 48.000000, "TIDES_ID": 45.000000, "NAME": "Tillamook Bay", "STREAM": "Lifesaving Cr", "LOCATION": "T1N R10 W Sec 17 - NO TIDE EFFECT", "OBSERVED": "Sept 25, 198" }, "geometry": { "type": "Point", "coordinates": [ 431546.687500, 1409589.000000 ] } }
,
{ "type": "Feature", "properties": { "AREA": 0.000000, "PERIMETER": 0.000000, "TIDES_": 49.000000, "TIDES_ID": 44.000000, "NAME": "Tillamook Bay", "STREAM": "Watseco Cr", "LOCATION": "T1N R10W Sec 7 - ON THE BEACH", "OBSERVED": "Sept 24 1984" }, "geometry": { "type": "Point", "coordinates": [ 429858.312500, 1418030.875000 ] } }
,
{ "type": "Feature", "properties": { "AREA": 0.000000, "PERIMETER": 0.000000, "TIDES_": 50.000000, "TIDES_ID": 43.000000, "NAME": "Tillamook Bay", "STREAM": "Spring Lake Cr", "LOCATION": "T1N R10W Sec 6 - ON THE BEACH", "OBSERVED": "Sept 25 1984" }, "geometry": { "type": "Point", "coordinates": [ 429858.312500, 1420081.000000 ] } }
,
{ "type": "Feature", "properties": { "AREA": 0.000000, "PERIMETER": 0.000000, "TIDES_": 51.000000, "TIDES_ID": 52.000000, "NAME": "Tillamook Bay", "STREAM": "Clear Lake Cr", "LOCATION": "T1N R10W Sec 5 - ON THE BEACH", "OBSERVED": "Sept 25 1984" }, "geometry": { "type": "Point", "coordinates": [ 430340.687500, 1422734.250000 ] } }
,
{ "type": "Feature", "properties": { "AREA": 0.000000, "PERIMETER": 0.000000, "TIDES_": 52.000000, "TIDES_ID": 42.000000, "NAME": "Tillamook Bay", "STREAM": "Cresent Lake Cr", "LOCATION": "T2N R10W Sec 2 - ON THE BEACH @ RR", "OBSERVED": "Sept 25 1984" }, "geometry": { "type": "Point", "coordinates": [ 432149.656250, 1435035.250000 ] } }
,
{ "type": "Feature", "properties": { "AREA": 0.000000, "PERIMETER": 0.000000, "TIDES_": 53.000000, "TIDES_ID": 53.000000, "NAME": "Siletz Bay", "STREAM": "D River", "LOCATION": "T7S R11W Sec 15 - 150 ft W OF HWY", "OBSERVED": "Mar 14 1979" }, "geometry": { "type": "Point", "coordinates": [ 402542.750000, 1192451.625000 ] } }
,
{ "type": "Feature", "properties": { "AREA": 0.000000, "PERIMETER": 0.000000, "TIDES_": 54.000000, "TIDES_ID": 54.000000, "NAME": "Siletz Bay", "STREAM": "Schooner Cr", "LOCATION": "T7S R11W Sec 26", "OBSERVED": "Mar 13 1979" }, "geometry": { "type": "Point", "coordinates": [ 407125.500000, 1179065.125000 ] } }
,
{ "type": "Feature", "properties": { "AREA": 0.000000, "PERIMETER": 0.000000, "TIDES_": 55.000000, "TIDES_ID": 55.000000, "NAME": "Siletz Bay", "STREAM": "Drift Cr", "LOCATION": "T7S R11W Sec 36", "OBSERVED": "Mar 13 1979" }, "geometry": { "type": "Point", "coordinates": [ 406462.218750, 1173397.000000 ] } }
,
{ "type": "Feature", "properties": { "AREA": 0.000000, "PERIMETER": 0.000000, "TIDES_": 56.000000, "TIDES_ID": 56.000000, "NAME": "Siletz Bay", "STREAM": "Anderson Cr", "LOCATION": "NO TIDE EFFECT", "OBSERVED": "May 12 1988" }, "geometry": { "type": "Point", "coordinates": [ 410924.343750, 1173276.500000 ] } }
,
{ "type": "Feature", "properties": { "AREA": 0.000000, "PERIMETER": 0.000000, "TIDES_": 57.000000, "TIDES_ID": 58.000000, "NAME": "Tillamook Bay", "STREAM": "Flower Pot", "LOCATION": "T1S R10W Sec 8 - TIDEGATE", "OBSERVED": "Sept 26 1984" }, "geometry": { "type": "Point", "coordinates": [ 433295.343750, 1384323.625000 ] } }
,
{ "type": "Feature", "properties": { "AREA": 0.000000, "PERIMETER": 0.000000, "TIDES_": 58.000000, "TIDES_ID": 57.000000, "NAME": "Tillamook Bay", "STREAM": "McCoys Cove", "LOCATION": "T1S R10W Sec 9 - TIDEGATE", "OBSERVED": "Sept 26 1984" }, "geometry": { "type": "Point", "coordinates": [ 435586.718750, 1382575.000000 ] } }
,
{ "type": "Feature", "properties": { "AREA": 0.000000, "PERIMETER": 0.000000, "TIDES_": 59.000000, "TIDES_ID": 59.000000, "NAME": "Tillamook Bay", "STREAM": "Doty Cr", "LOCATION": "T1S R10W - NO TIDE EFFECT", "OBSERVED": "Sept 26 1984" }, "geometry": { "type": "Point", "coordinates": [ 445897.875000, 1386373.750000 ] } }
,
{ "type": "Feature", "properties": { "AREA": 0.000000, "PERIMETER": 0.000000, "TIDES_": 60.000000, "TIDES_ID": 60.000000, "NAME": "Tillamook Bay", "STREAM": "Vaughn Cr", "LOCATION": "T1S R10W - NO TIDE EFFECT", "OBSERVED": "Sept 26 1984" }, "geometry": { "type": "Point", "coordinates": [ 449334.937500, 1385650.250000 ] } }
,
{ "type": "Feature", "properties": { "AREA": 0.000000, "PERIMETER": 0.000000, "TIDES_": 61.000000, "TIDES_ID": 61.000000, "NAME": "Tillamook Bay", "STREAM": "Hathaway Sl", "LOCATION": "T1S R10W Sec 12", "OBSERVED": "Mar 27 1979" }, "geometry": { "type": "Point", "coordinates": [ 452952.875000, 1385469.250000 ] } }
,
{ "type": "Feature", "properties": { "AREA": 0.000000, "PERIMETER": 0.000000, "TIDES_": 62.000000, "TIDES_ID": 62.000000, "NAME": "Tillamook Bay", "STREAM": "Kilchis River", "LOCATION": "T1S R9W Sec 7 RM 2", "OBSERVED": "Mar 27 1979" }, "geometry": { "type": "Point", "coordinates": [ 457897.406250, 1384564.750000 ] } }
,
{ "type": "Feature", "properties": { "AREA": 0.000000, "PERIMETER": 0.000000, "TIDES_": 63.000000, "TIDES_ID": 63.000000, "NAME": "Tillamook Bay", "STREAM": "Sqeedunk Sl", "LOCATION": "T1S R10W Sec 13", "OBSERVED": "Mar 27 1979" }, "geometry": { "type": "Point", "coordinates": [ 450360.000000, 1380705.625000 ] } }
,
{ "type": "Feature", "properties": { "AREA": 0.000000, "PERIMETER": 0.000000, "TIDES_": 64.000000, "TIDES_ID": 64.000000, "NAME": "Tillamook Bay", "STREAM": "Hall Sl", "LOCATION": "T1S R10W Sec 24", "OBSERVED": "Mar 27 1979" }, "geometry": { "type": "Point", "coordinates": [ 452591.093750, 1374314.000000 ] } }
,
{ "type": "Feature", "properties": { "AREA": 0.000000, "PERIMETER": 0.000000, "TIDES_": 65.000000, "TIDES_ID": 66.000000, "NAME": "Tillamook Bay", "STREAM": "Wilson River", "LOCATION": "T1S R9W Sec 20  RM 3.1", "OBSERVED": "Mar 27 1979" }, "geometry": { "type": "Point", "coordinates": [ 460490.281250, 1375097.875000 ] } }
,
{ "type": "Feature", "properties": { "AREA": 0.000000, "PERIMETER": 0.000000, "TIDES_": 66.000000, "TIDES_ID": 65.000000, "NAME": "Tillamook Bay", "STREAM": "Dougherty Sl", "LOCATION": "T1S R10W Sec 20", "OBSERVED": "Mar 27 1979" }, "geometry": { "type": "Point", "coordinates": [ 460369.687500, 1373771.250000 ] } }
,
{ "type": "Feature", "properties": { "AREA": 0.000000, "PERIMETER": 0.000000, "TIDES_": 67.000000, "TIDES_ID": 67.000000, "NAME": "Tillamook Bay", "STREAM": "Hoquarten Sl", "LOCATION": "T1S R9W Sec 30", "OBSERVED": "Mar 27 1979" }, "geometry": { "type": "Point", "coordinates": [ 458379.812500, 1370032.750000 ] } }
,
{ "type": "Feature", "properties": { "AREA": 0.000000, "PERIMETER": 0.000000, "TIDES_": 68.000000, "TIDES_ID": 68.000000, "NAME": "Tillamook Bay", "STREAM": "Beaver Cr", "LOCATION": "T2S R10W Sec 12", "OBSERVED": "Mar 27 2979" }, "geometry": { "type": "Point", "coordinates": [ 451746.906250, 1354234.375000 ] } }
,
{ "type": "Feature", "properties": { "AREA": 0.000000, "PERIMETER": 0.000000, "TIDES_": 69.000000, "TIDES_ID": 69.000000, "NAME": "Tillamook Bay", "STREAM": "Sutton Cr", "LOCATION": "T2S R10W Sec 12", "OBSERVED": "Mar 27 1979" }, "geometry": { "type": "Point", "coordinates": [ 453676.468750, 1351400.250000 ] } }
,
{ "type": "Feature", "properties": { "AREA": 0.000000, "PERIMETER": 0.000000, "TIDES_": 70.000000, "TIDES_ID": 70.000000, "NAME": "Tillamook Bay", "STREAM": "Tillamook River", "LOCATION": "T2S R9W Sec 7 -Rm 6", "OBSERVED": "Mar 27 1979" }, "geometry": { "type": "Point", "coordinates": [ 456570.843750, 1352425.375000 ] } }
,
{ "type": "Feature", "properties": { "AREA": 0.000000, "PERIMETER": 0.000000, "TIDES_": 71.000000, "TIDES_ID": 71.000000, "NAME": "Tillamook Bay", "STREAM": "Anderson Cr", "LOCATION": "T2S R9W Sec 6", "OBSERVED": "Mar 27 1979" }, "geometry": { "type": "Point", "coordinates": [ 456879.437500, 1356228.375000 ] } }
,
{ "type": "Feature", "properties": { "AREA": 0.000000, "PERIMETER": 0.000000, "TIDES_": 72.000000, "TIDES_ID": 72.000000, "NAME": "Tillamook Bay", "STREAM": "Trask River", "LOCATION": "T2S R9W Sec 6 - AT 101 BRIDGE  Rm 4.3", "OBSERVED": "Mar 27 1979" }, "geometry": { "type": "Point", "coordinates": [ 459197.093750, 1358380.500000 ] } }
,
{ "type": "Feature", "properties": { "AREA": 0.000000, "PERIMETER": 0.000000, "TIDES_": 73.000000, "TIDES_ID": 73.000000, "NAME": "Tillamook Bay", "STREAM": "Tominson Sl", "LOCATION": "T1S R10W Sec 26  DIKED", "OBSERVED": "Sept 26 1984" }, "geometry": { "type": "Point", "coordinates": [ 445478.187500, 1371453.750000 ] } }
,
{ "type": "Feature", "properties": { "AREA": 0.000000, "PERIMETER": 0.000000, "TIDES_": 74.000000, "TIDES_ID": 74.000000, "NAME": "Siletz Bay", "STREAM": "Siletz River", "LOCATION": "T9S R10W Sec 8  RM 22.6", "OBSERVED": "Mar 15 1979" }, "geometry": { "type": "Point", "coordinates": [ 417887.593750, 1130798.250000 ] } }
,
{ "type": "Feature", "properties": { "AREA": 0.000000, "PERIMETER": 0.000000, "TIDES_": 75.000000, "TIDES_ID": 76.000000, "NAME": "Siletz Bay", "STREAM": "Schoolhouse Cr", "LOCATION": "T8S R11W Sec 16 - ON THE BEACH", "OBSERVED": "Sept 11 1984" }, "geometry": { "type": "Point", "coordinates": [ 394876.437500, 1158134.000000 ] } }
,
{ "type": "Feature", "properties": { "AREA": 0.000000, "PERIMETER": 0.000000, "TIDES_": 76.000000, "TIDES_ID": 75.000000, "NAME": "Siletz Bay", "STREAM": "Sijota Cr", "LOCATION": "T8S R11W Sec 10 - TIDEGATE AT GOLFCOURSE", "OBSERVED": "Sept 11 1984" }, "geometry": { "type": "Point", "coordinates": [ 399183.250000, 1164362.875000 ] } }
,
{ "type": "Feature", "properties": { "AREA": 0.000000, "PERIMETER": 0.000000, "TIDES_": 77.000000, "TIDES_ID": 77.000000, "NAME": "Depoe Bay", "STREAM": "N. Depoe Bay Cr", "LOCATION": "T9S R11W Sec 8", "OBSERVED": "Sept 11 1984" }, "geometry": { "type": "Point", "coordinates": [ 389031.507085, 1135505.716498 ] } }
,
{ "type": "Feature", "properties": { "AREA": 0.000000, "PERIMETER": 0.000000, "TIDES_": 78.000000, "TIDES_ID": 78.000000, "NAME": "Depoe Bay", "STREAM": "S. Depoe Bay Cr", "LOCATION": "T9S R11W Sec 8", "OBSERVED": "Sept 11 1984" }, "geometry": { "type": "Point", "coordinates": [ 389137.031250, 1134500.000000 ] } }
,
{ "type": "Feature", "properties": { "AREA": 0.000000, "PERIMETER": 0.000000, "TIDES_": 79.000000, "TIDES_ID": 79.000000, "NAME": "Depoe Bay", "STREAM": "NA", "LOCATION": "T9S R11W Sec 19 - ON THE BEACH", "OBSERVED": "Sept 11 1984" }, "geometry": { "type": "Point", "coordinates": [ 385390.812500, 1123964.250000 ] } }
,
{ "type": "Feature", "properties": { "AREA": 0.000000, "PERIMETER": 0.000000, "TIDES_": 80.000000, "TIDES_ID": 80.000000, "NAME": "Depoe Bay", "STREAM": "Johnson Cr", "LOCATION": "T10S R11W Sec 5 - ON THE BEACH", "OBSERVED": "Sept 11 1984" }, "geometry": { "type": "Point", "coordinates": [ 388024.750000, 1108943.875000 ] } }
,
{ "type": "Feature", "properties": { "AREA": 0.000000, "PERIMETER": 0.000000, "TIDES_": 81.000000, "TIDES_ID": 81.000000, "NAME": "Depoe Bay", "STREAM": "Spencer Cr", "LOCATION": "T10S R11W Sec 5 - ON THE BEACH", "OBSERVED": "Sept 11 1984" }, "geometry": { "type": "Point", "coordinates": [ 387846.781250, 1105776.000000 ] } }
,
{ "type": "Feature", "properties": { "AREA": 0.000000, "PERIMETER": 0.000000, "TIDES_": 82.000000, "TIDES_ID": 87.000000, "NAME": "Depoe Bay", "STREAM": "Big Cr", "LOCATION": "T10 S R11W Sec 32 - ON THE BEACH", "OBSERVED": "Sept 11 1984" }, "geometry": { "type": "Point", "coordinates": [ 387045.906250, 1080255.625000 ] } }
,
{ "type": "Feature", "properties": { "AREA": 0.000000, "PERIMETER": 0.000000, "TIDES_": 83.000000, "TIDES_ID": 86.000000, "NAME": "Depoe Bay", "STREAM": "Little Cr", "LOCATION": "T10S R11W Sec 32 - ON THE BEACH", "OBSERVED": "Sept 11 1984" }, "geometry": { "type": "Point", "coordinates": [ 387081.500000, 1081821.625000 ] } }
,
{ "type": "Feature", "properties": { "AREA": 0.000000, "PERIMETER": 0.000000, "TIDES_": 84.000000, "TIDES_ID": 85.000000, "NAME": "Depoe Bay", "STREAM": "Schooner Cr", "LOCATION": "T10S R11W Sec 19 - ON THE BEACH", "OBSERVED": "Sept 11 1984" }, "geometry": { "type": "Point", "coordinates": [ 384750.156250, 1091147.125000 ] } }
,
{ "type": "Feature", "properties": { "AREA": 0.000000, "PERIMETER": 0.000000, "TIDES_": 85.000000, "TIDES_ID": 84.000000, "NAME": "Depoe Bay", "STREAM": "Moolack Cr", "LOCATION": "T10S R11W Sec 17 - ON THE BEACH", "OBSERVED": "Setp 11 1984" }, "geometry": { "type": "Point", "coordinates": [ 386387.437500, 1096450.625000 ] } }
,
{ "type": "Feature", "properties": { "AREA": 0.000000, "PERIMETER": 0.000000, "TIDES_": 86.000000, "TIDES_ID": 83.000000, "NAME": "Depoe Bay", "STREAM": "Coal Cr", "LOCATION": "T10S R11W Sec 17 - ON THE BEACH", "OBSERVED": "Sept 11 1984" }, "geometry": { "type": "Point", "coordinates": [ 386601.000000, 1097909.875000 ] } }
,
{ "type": "Feature", "properties": { "AREA": 0.000000, "PERIMETER": 0.000000, "TIDES_": 87.000000, "TIDES_ID": 82.000000, "NAME": "Depoe Bay", "STREAM": "Wade Cr", "LOCATION": "T10S R11W Sec 8 - ON THE BEACH", "OBSERVED": "Sept 11 1984" }, "geometry": { "type": "Point", "coordinates": [ 387170.500000, 1101006.500000 ] } }
,
{ "type": "Feature", "properties": { "AREA": 0.000000, "PERIMETER": 0.000000, "TIDES_": 88.000000, "TIDES_ID": 93.000000, "NAME": "Alsea Area", "STREAM": "Alse River", "LOCATION": "T13S R10W Sec 34 - RM 11.5", "OBSERVED": "Aug 7 1979" }, "geometry": { "type": "Point", "coordinates": [ 426844.125000, 983912.000000 ] } }
,
{ "type": "Feature", "properties": { "AREA": 0.000000, "PERIMETER": 0.000000, "TIDES_": 89.000000, "TIDES_ID": 90.000000, "NAME": "Alsea Area", "STREAM": "Eckman Sl", "LOCATION": "T13S R11W Sec 28 - TIDEGATE", "OBSERVED": "NA" }, "geometry": { "type": "Point", "coordinates": [ 389697.906250, 991152.481953 ] } }
,
{ "type": "Feature", "properties": { "AREA": 0.000000, "PERIMETER": 0.000000, "TIDES_": 90.000000, "TIDES_ID": 89.000000, "NAME": "Alsea Area", "STREAM": "McKinney Sl", "LOCATION": "T13S R11W Sec 28 - TIDEGATE", "OBSERVED": "Aug 8 1979" }, "geometry": { "type": "Point", "coordinates": [ 386470.906250, 994166.687500 ] } }
,
{ "type": "Feature", "properties": { "AREA": 0.000000, "PERIMETER": 0.000000, "TIDES_": 91.000000, "TIDES_ID": 94.000000, "NAME": "Alsea Area", "STREAM": "Lint Sl", "LOCATION": "T13S R12W - ON BEACH", "OBSERVED": "Aug 15 1979" }, "geometry": { "type": "Point", "coordinates": [ 383566.625000, 988591.187500 ] } }
,
{ "type": "Feature", "properties": { "AREA": 0.000000, "PERIMETER": 0.000000, "TIDES_": 92.000000, "TIDES_ID": 91.000000, "NAME": "Alsea Area", "STREAM": "Little Cr", "LOCATION": "T13S R12W - ON BEACH", "OBSERVED": "Aug 15 1984" }, "geometry": { "type": "Point", "coordinates": [ 374925.468750, 983553.500000 ] } }
,
{ "type": "Feature", "properties": { "AREA": 0.000000, "PERIMETER": 0.000000, "TIDES_": 93.000000, "TIDES_ID": 88.000000, "NAME": "Alsea Area", "STREAM": "Drift Cr", "LOCATION": "T13S R11W Sec 23 - RM 3.7", "OBSERVED": "Aug 8 1979" }, "geometry": { "type": "Point", "coordinates": [ 402354.875000, 994059.125000 ] } }
,
{ "type": "Feature", "properties": { "AREA": 0.000000, "PERIMETER": 0.000000, "TIDES_": 94.000000, "TIDES_ID": 92.000000, "NAME": "Alsea Area", "STREAM": "John pt", "LOCATION": "T13S R12W Sec 24 - ON BEACH", "OBSERVED": "NA" }, "geometry": { "type": "Point", "coordinates": [ 376144.562500, 991513.375000 ] } }
,
{ "type": "Feature", "properties": { "AREA": 0.000000, "PERIMETER": 0.000000, "TIDES_": 95.000000, "TIDES_ID": 95.000000, "NAME": "Alsea Area", "STREAM": "Big Cr", "LOCATION": "T14S R12W Sec 2", "OBSERVED": "Feb 26 1979" }, "geometry": { "type": "Point", "coordinates": [ 375176.437500, 973836.625000 ] } }
,
{ "type": "Feature", "properties": { "AREA": 0.000000, "PERIMETER": 0.000000, "TIDES_": 96.000000, "TIDES_ID": 102.000000, "NAME": "Yachats Area", "STREAM": "Vingie Cr", "LOCATION": "T14S R12W Sec 14 - ON THE BEACH", "OBSERVED": "Aug 15 1984" }, "geometry": { "type": "Point", "coordinates": [ 371339.906250, 964621.812500 ] } }
,
{ "type": "Feature", "properties": { "AREA": 0.000000, "PERIMETER": 0.000000, "TIDES_": 97.000000, "TIDES_ID": 101.000000, "NAME": "Yachats Area", "STREAM": "Starr Cr", "LOCATION": "T14S R12W Sec 23 - ON THE BEACH", "OBSERVED": "Aug 15 1984" }, "geometry": { "type": "Point", "coordinates": [ 370730.375000, 961645.812500 ] } }
,
{ "type": "Feature", "properties": { "AREA": 0.000000, "PERIMETER": 0.000000, "TIDES_": 98.000000, "TIDES_ID": 100.000000, "NAME": "Yachats Area", "STREAM": "Yachats River", "LOCATION": "T14S R12W Sec 26 - RM 1.5", "OBSERVED": "Feb 26 1979" }, "geometry": { "type": "Point", "coordinates": [ 374889.593750, 952861.250000 ] } }
,
{ "type": "Feature", "properties": { "AREA": 0.000000, "PERIMETER": 0.000000, "TIDES_": 99.000000, "TIDES_ID": 96.000000, "NAME": "Yachats Area", "STREAM": "N Cape Cr", "LOCATION": "T15S R12W Sec 3 - ON THE BEACH", "OBSERVED": "Aug 15 1984" }, "geometry": { "type": "Point", "coordinates": [ 367001.406250, 946873.375000 ] } }
,
{ "type": "Feature", "properties": { "AREA": 0.000000, "PERIMETER": 0.000000, "TIDES_": 100.000000, "TIDES_ID": 97.000000, "NAME": "Yachats Area", "STREAM": "Cape Cr", "LOCATION": "T15S R12W Sec 3 - ON THE BEACH", "OBSERVED": "Aug 15 1984" }, "geometry": { "type": "Point", "coordinates": [ 367431.687500, 943682.250000 ] } }
,
{ "type": "Feature", "properties": { "AREA": 0.000000, "PERIMETER": 0.000000, "TIDES_": 101.000000, "TIDES_ID": 99.000000, "NAME": "Yachats Area", "STREAM": "Cummins Cr", "LOCATION": "T15S R12W Sec 10 - ON THE BEACH", "OBSERVED": "Aug 15 1985" }, "geometry": { "type": "Point", "coordinates": [ 367539.250000, 937622.687500 ] } }
,
{ "type": "Feature", "properties": { "AREA": 0.000000, "PERIMETER": 0.000000, "TIDES_": 102.000000, "TIDES_ID": 98.000000, "NAME": "Yachats Area", "STREAM": "Gwynn Cr", "LOCATION": "T15S R12W Sec 10 - ON THE BEACH", "OBSERVED": "Aug 15 1985" }, "geometry": { "type": "Point", "coordinates": [ 367431.687500, 939307.875000 ] } }
,
{ "type": "Feature", "properties": { "AREA": 0.000000, "PERIMETER": 0.000000, "TIDES_": 103.000000, "TIDES_ID": 119.000000, "NAME": "Yaquina Area", "STREAM": "Boone Sl", "LOCATION": "T11S R11W Sec 25 - DIKED", "OBSERVED": "July 24 1979" }, "geometry": { "type": "Point", "coordinates": [ 410243.062500, 1052252.500000 ] } }
,
{ "type": "Feature", "properties": { "AREA": 0.000000, "PERIMETER": 0.000000, "TIDES_": 104.000000, "TIDES_ID": 120.000000, "NAME": "Yaquina Area", "STREAM": "Nute Sl", "LOCATION": "T11S R10W Sec 30 - DIKED", "OBSERVED": "July 24 1979" }, "geometry": { "type": "Point", "coordinates": [ 411892.406250, 1053650.875000 ] } }
,
{ "type": "Feature", "properties": { "AREA": 0.000000, "PERIMETER": 0.000000, "TIDES_": 105.000000, "TIDES_ID": 118.000000, "NAME": "Yaquina Area", "STREAM": "Flesher Sl", "LOCATION": "T11S R11W  Sec 35", "OBSERVED": "Sept 11 1984" }, "geometry": { "type": "Point", "coordinates": [ 405510.125000, 1045941.937500 ] } }
,
{ "type": "Feature", "properties": { "AREA": 0.000000, "PERIMETER": 0.000000, "TIDES_": 106.000000, "TIDES_ID": 121.000000, "NAME": "Yaquina Area", "STREAM": "Pooles Sl", "LOCATION": "T12S R11W Sec 1", "OBSERVED": "July 26 1979" }, "geometry": { "type": "Point", "coordinates": [ 401530.187500, 1045188.937500 ] } }
,
{ "type": "Feature", "properties": { "AREA": 0.000000, "PERIMETER": 0.000000, "TIDES_": 107.000000, "TIDES_ID": 117.000000, "NAME": "Yaquina Area", "STREAM": "McCaffery Sl", "LOCATION": "T12S R11W Sec 3", "OBSERVED": "July 24 1979" }, "geometry": { "type": "Point", "coordinates": [ 395327.187500, 1045726.750000 ] } }
,
{ "type": "Feature", "properties": { "AREA": 0.000000, "PERIMETER": 0.000000, "TIDES_": 108.000000, "TIDES_ID": 115.000000, "NAME": "Yaquina Area", "STREAM": "King Sl", "LOCATION": "T11S R11W Sec 28", "OBSERVED": "July 26 1979" }, "geometry": { "type": "Point", "coordinates": [ 392781.468750, 1056106.875000 ] } }
,
{ "type": "Feature", "properties": { "AREA": 0.000000, "PERIMETER": 0.000000, "TIDES_": 109.000000, "TIDES_ID": 116.000000, "NAME": "Yaquina Area", "STREAM": "Parker Sl", "LOCATION": "T11S R11W Sec 27", "OBSERVED": "Sept 11 1984" }, "geometry": { "type": "Point", "coordinates": [ 397442.656250, 1054457.625000 ] } }
,
{ "type": "Feature", "properties": { "AREA": 0.000000, "PERIMETER": 0.000000, "TIDES_": 110.000000, "TIDES_ID": 111.000000, "NAME": "Yaquina Area", "STREAM": "Thiel Cr", "LOCATION": "T12S R11W Sec 6 -   ON THE BEACH", "OBSERVED": "Sept 11 1984" }, "geometry": { "type": "Point", "coordinates": [ 382024.843750, 1046067.375000 ] } }
,
{ "type": "Feature", "properties": { "AREA": 0.000000, "PERIMETER": 0.000000, "TIDES_": 111.000000, "TIDES_ID": 112.000000, "NAME": "Yaquina Area", "STREAM": "Moore Cr", "LOCATION": "T11S R11W Sec 31 - ON THE BEACH", "OBSERVED": "Sept 11 1984" }, "geometry": { "type": "Point", "coordinates": [ 382383.375000, 1048935.875000 ] } }
,
{ "type": "Feature", "properties": { "AREA": 0.000000, "PERIMETER": 0.000000, "TIDES_": 112.000000, "TIDES_ID": 113.000000, "NAME": "Yaquina Area", "STREAM": "Grant Cr", "LOCATION": "T11S R11W Sec 30 - ON THE BEACH", "OBSERVED": "Sept 11 1984" }, "geometry": { "type": "Point", "coordinates": [ 382813.656250, 1051876.000000 ] } }
,
{ "type": "Feature", "properties": { "AREA": 0.000000, "PERIMETER": 0.000000, "TIDES_": 113.000000, "TIDES_ID": 114.000000, "NAME": "Yaquina Area", "STREAM": "Henderson Cr", "LOCATION": "T11S R11W Sec 30 - ON THE BEACH", "OBSERVED": "Sept 11 1984" }, "geometry": { "type": "Point", "coordinates": [ 383028.781250, 1055174.625000 ] } }
,
{ "type": "Feature", "properties": { "AREA": 0.000000, "PERIMETER": 0.000000, "TIDES_": 114.000000, "TIDES_ID": 126.000000, "NAME": "Yaquina Area", "STREAM": "Depot Sl", "LOCATION": "T11S R10W Sec 6 - FORMER HEAD OF TIDE", "OBSERVED": "Aug 20 1979" }, "geometry": { "type": "Point", "coordinates": [ 416266.750000, 1071739.875000 ] } }
,
{ "type": "Feature", "properties": { "AREA": 0.000000, "PERIMETER": 0.000000, "TIDES_": 115.000000, "TIDES_ID": 123.000000, "NAME": "Yaquina Area", "STREAM": "Elk Cr", "LOCATION": "T11S R10W Sec 27", "OBSERVED": "Aug 20 1979" }, "geometry": { "type": "Point", "coordinates": [ 441042.875000, 1053830.125000 ] } }
,
{ "type": "Feature", "properties": { "AREA": 0.000000, "PERIMETER": 0.000000, "TIDES_": 116.000000, "TIDES_ID": 122.000000, "NAME": "Yaquina Area", "STREAM": "Yaquina River", "LOCATION": "T11S R10W Sec 1 RM 21.8", "OBSERVED": "Aug 20 1979" }, "geometry": { "type": "Point", "coordinates": [ 439070.812500, 1075200.000000 ] } }
,
{ "type": "Feature", "properties": { "AREA": 0.000000, "PERIMETER": 0.000000, "TIDES_": 117.000000, "TIDES_ID": 125.000000, "NAME": "Yaquina Area", "STREAM": "Mill Cr", "LOCATION": "T11S R10W Sec 27", "OBSERVED": "July 26 1979" }, "geometry": { "type": "Point", "coordinates": [ 426485.562500, 1051248.500000 ] } }
,
{ "type": "Feature", "properties": { "AREA": 0.000000, "PERIMETER": 0.000000, "TIDES_": 118.000000, "TIDES_ID": 124.000000, "NAME": "Yaquina Area", "STREAM": "Ollalla Sl", "LOCATION": "T11S R10W Sec 17 - FORMER HEAD OF TIDE", "OBSERVED": "Aug 20 1979" }, "geometry": { "type": "Point", "coordinates": [ 420963.812500, 1062256.125000 ] } }
,
{ "type": "Feature", "properties": { "AREA": 0.000000, "PERIMETER": 0.000000, "TIDES_": 119.000000, "TIDES_ID": 127.000000, "NAME": "Beaver Cr  Area", "STREAM": "Beaver Cr", "LOCATION": "T12S R11W Sec 20", "OBSERVED": "Aug 8 1979" }, "geometry": { "type": "Point", "coordinates": [ 387474.843750, 1026759.250000 ] } }
,
{ "type": "Feature", "properties": { "AREA": 0.000000, "PERIMETER": 0.000000, "TIDES_": 120.000000, "TIDES_ID": 128.000000, "NAME": "Beaver Cr  Area", "STREAM": "S Beaver Cr", "LOCATION": "RT12S R11W Sec 20", "OBSERVED": "Aug 8 1979" }, "geometry": { "type": "Point", "coordinates": [ 386972.875000, 1026006.312500 ] } }
,
{ "type": "Feature", "properties": { "AREA": 0.000000, "PERIMETER": 0.000000, "TIDES_": 121.000000, "TIDES_ID": 129.000000, "NAME": "Beaver Cr  Area", "STREAM": "Pumphouse Cr", "LOCATION": "T12S R11W Sec 18", "OBSERVED": "Sept 12 1984" }, "geometry": { "type": "Point", "coordinates": [ 381809.687500, 1030326.875000 ] } }
,
{ "type": "Feature", "properties": { "AREA": 0.000000, "PERIMETER": 0.000000, "TIDES_": 122.000000, "TIDES_ID": 130.000000, "NAME": "Beaver Cr  Area", "STREAM": "Lost Cr", "LOCATION": "T12S R11W Sec 7 - ON THE BEACH", "OBSERVED": "Sept 11 1984" }, "geometry": { "type": "Point", "coordinates": [ 380877.468750, 1038573.625000 ] } }
,
{ "type": "Feature", "properties": { "AREA": 0.000000, "PERIMETER": 0.000000, "TIDES_": 123.000000, "TIDES_ID": 131.000000, "NAME": "Beaver Cr  Area", "STREAM": "Deer Cr", "LOCATION": "T13S R11W Sec 24 - ON THE BEACH", "OBSERVED": "Sept 12 1984" }, "geometry": { "type": "Point", "coordinates": [ 378439.281250, 1025414.687500 ] } }
,
{ "type": "Feature", "properties": { "AREA": 0.000000, "PERIMETER": 0.000000, "TIDES_": 124.000000, "TIDES_ID": 132.000000, "NAME": "Beaver Cr  Area", "STREAM": "Hill Cr", "LOCATION": "T12S R12W Sec 25 - ON THE BEACH", "OBSERVED": "Sept 12 1984" }, "geometry": { "type": "Point", "coordinates": [ 377614.593750, 1020717.625000 ] } }
,
{ "type": "Feature", "properties": { "AREA": 0.000000, "PERIMETER": 0.000000, "TIDES_": 125.000000, "TIDES_ID": 133.000000, "NAME": "Beaver Cr  Area", "STREAM": "Squaw Cr", "LOCATION": "T12S R12W Sec 36 - ON THE BEACH", "OBSERVED": "Sept 12 1984" }, "geometry": { "type": "Point", "coordinates": [ 377507.031250, 1016414.937500 ] } }
,
{ "type": "Feature", "properties": { "AREA": 0.000000, "PERIMETER": 0.000000, "TIDES_": 126.000000, "TIDES_ID": 134.000000, "NAME": "Beaver Cr  Area", "STREAM": "Collins Cr", "LOCATION": "T12S R12W Sec 36 - ON THE BEACH", "OBSERVED": "Sept 12 1984" }, "geometry": { "type": "Point", "coordinates": [ 377758.031250, 1015160.000000 ] } }
,
{ "type": "Feature", "properties": { "AREA": 0.000000, "PERIMETER": 0.000000, "TIDES_": 127.000000, "TIDES_ID": 135.000000, "NAME": "Beaver Cr  Area", "STREAM": "Fox Cr", "LOCATION": "T13S R12W Sec 1 - ON THE BEACH", "OBSERVED": "Sept 12 1984" }, "geometry": { "type": "Point", "coordinates": [ 377758.031250, 1011502.750000 ] } }
,
{ "type": "Feature", "properties": { "AREA": 0.000000, "PERIMETER": 0.000000, "TIDES_": 128.000000, "TIDES_ID": 136.000000, "NAME": "Beaver Cr  Area", "STREAM": "Buckley Cr", "LOCATION": "T13S R12W Sec 1 - ON THE BEACH", "OBSERVED": "Sept 12 1984" }, "geometry": { "type": "Point", "coordinates": [ 377722.187500, 1008831.562500 ] } }
,
{ "type": "Feature", "properties": { "AREA": 0.000000, "PERIMETER": 0.000000, "TIDES_": 129.000000, "TIDES_ID": 142.000000, "NAME": "Siuslaw Area", "STREAM": "South Inlet (N)", "LOCATION": "T18S R11W Sec 31", "OBSERVED": "June 27 1979" }, "geometry": { "type": "Point", "coordinates": [ 378012.593750, 829062.000000 ] } }
,
{ "type": "Feature", "properties": { "AREA": 0.000000, "PERIMETER": 0.000000, "TIDES_": 130.000000, "TIDES_ID": 141.000000, "NAME": "Siuslaw Area", "STREAM": "South Inlet (S)", "LOCATION": "T19S R11W Sec 6", "OBSERVED": "Jun 27 1979" }, "geometry": { "type": "Point", "coordinates": [ 375502.843750, 822519.500000 ] } }
,
{ "type": "Feature", "properties": { "AREA": 0.000000, "PERIMETER": 0.000000, "TIDES_": 131.000000, "TIDES_ID": 137.000000, "NAME": "Siuslaw Area", "STREAM": "Munsel Cr", "LOCATION": "T18S R12W Sec 26", "OBSERVED": "NA" }, "geometry": { "type": "Point", "coordinates": [ 365549.625000, 832129.500000 ] } }
,
{ "type": "Feature", "properties": { "AREA": 0.000000, "PERIMETER": 0.000000, "TIDES_": 132.000000, "TIDES_ID": 138.000000, "NAME": "Siuslaw Area", "STREAM": "Lindsley Cr", "LOCATION": "T18S R12W Sec 12 - TIDEGATE", "OBSERVED": "NA" }, "geometry": { "type": "Point", "coordinates": [ 374859.312500, 845643.562500 ] } }
,
{ "type": "Feature", "properties": { "AREA": 0.000000, "PERIMETER": 0.000000, "TIDES_": 133.000000, "TIDES_ID": 139.000000, "NAME": "Siuslaw Area", "STREAM": "Haring Cr", "LOCATION": "T18S R11W Sec 7 - DIKED", "OBSERVED": "NA" }, "geometry": { "type": "Point", "coordinates": [ 378548.875000, 845557.750000 ] } }
,
{ "type": "Feature", "properties": { "AREA": 0.000000, "PERIMETER": 0.000000, "TIDES_": 134.000000, "TIDES_ID": 140.000000, "NAME": "Siuslaw Area", "STREAM": "Morris Cr", "LOCATION": "T18S R11W Sec 5", "OBSERVED": "June 26 1979" }, "geometry": { "type": "Point", "coordinates": [ 382367.156250, 851092.125000 ] } }
,
{ "type": "Feature", "properties": { "AREA": 0.000000, "PERIMETER": 0.000000, "TIDES_": 135.000000, "TIDES_ID": 143.000000, "NAME": "Siuslaw Area", "STREAM": "Bernhardt Cr", "LOCATION": "T18S R11W Sec 27", "OBSERVED": "NA" }, "geometry": { "type": "Point", "coordinates": [ 389874.968750, 831700.500000 ] } }
,
{ "type": "Feature", "properties": { "AREA": 0.000000, "PERIMETER": 0.000000, "TIDES_": 136.000000, "TIDES_ID": 144.000000, "NAME": "Siuslaw Area", "STREAM": "Hoffman Cr", "LOCATION": "T18S R10W Sec 18", "OBSERVED": "June 27 1979" }, "geometry": { "type": "Point", "coordinates": [ 405748.625000, 843112.375000 ] } }
,
{ "type": "Feature", "properties": { "AREA": 0.000000, "PERIMETER": 0.000000, "TIDES_": 137.000000, "TIDES_ID": 147.000000, "NAME": "Siuslaw Area", "STREAM": "Knowles Cr", "LOCATION": "T18S R10W Sec 1", "OBSERVED": "July 12 1979" }, "geometry": { "type": "Point", "coordinates": [ 432133.250000, 850491.500000 ] } }
,
{ "type": "Feature", "properties": { "AREA": 0.000000, "PERIMETER": 0.000000, "TIDES_": 138.000000, "TIDES_ID": 148.000000, "NAME": "Siuslaw Area", "STREAM": "Hadsall Cr", "LOCATION": "T18S R10W Sec 12", "OBSERVED": "July 12 1979" }, "geometry": { "type": "Point", "coordinates": [ 431661.312500, 844613.937500 ] } }
,
{ "type": "Feature", "properties": { "AREA": 0.000000, "PERIMETER": 0.000000, "TIDES_": 139.000000, "TIDES_ID": 149.000000, "NAME": "Siuslaw Area", "STREAM": "Siuslaw River", "LOCATION": "T18S R10W Sec 34 - RM 22.8", "OBSERVED": "June 27 1979" }, "geometry": { "type": "Point", "coordinates": [ 422523.250000, 857527.375000 ] } }
,
{ "type": "Feature", "properties": { "AREA": 0.000000, "PERIMETER": 0.000000, "TIDES_": 140.000000, "TIDES_ID": 145.000000, "NAME": "Siuslaw Area", "STREAM": "Sweet Cr", "LOCATION": "T18S R10W Sec 16", "OBSERVED": "June 27 1979" }, "geometry": { "type": "Point", "coordinates": [ 419091.093750, 841310.500000 ] } }
,
{ "type": "Feature", "properties": { "AREA": 0.000000, "PERIMETER": 0.000000, "TIDES_": 141.000000, "TIDES_ID": 146.000000, "NAME": "Siuslaw Area", "STREAM": "Sweet Cr", "LOCATION": "T18S R10W Sec 21", "OBSERVED": "June 27 1979" }, "geometry": { "type": "Point", "coordinates": [ 419091.093750, 836119.375000 ] } }
,
{ "type": "Feature", "properties": { "AREA": 0.000000, "PERIMETER": 0.000000, "TIDES_": 142.000000, "TIDES_ID": 151.000000, "NAME": "Silt-Tahkenitch", "STREAM": "Tahkenitch Cr", "LOCATION": "T20S R12W Sec 19", "OBSERVED": "Feb 27 1979" }, "geometry": { "type": "Point", "coordinates": [ 345848.125000, 773420.437500 ] } }
,
{ "type": "Feature", "properties": { "AREA": 0.000000, "PERIMETER": 0.000000, "TIDES_": 143.000000, "TIDES_ID": 150.000000, "NAME": "Silt-Tahkenitch", "STREAM": "Siltcoos River", "LOCATION": "T19S R12W Sec 34", "OBSERVED": "Feb 27 1979" }, "geometry": { "type": "Point", "coordinates": [ 360250.875000, 798223.750000 ] } }
,
{ "type": "Feature", "properties": { "AREA": 0.000000, "PERIMETER": 0.000000, "TIDES_": 144.000000, "TIDES_ID": 152.000000, "NAME": "Tenmile Area", "STREAM": "Tenmile Cr", "LOCATION": "T23S R13W Sec 14", "OBSERVED": "Feb 28 1979" }, "geometry": { "type": "Point", "coordinates": [ 327085.062500, 685299.375000 ] } }
,
{ "type": "Feature", "properties": { "AREA": 0.000000, "PERIMETER": 0.000000, "TIDES_": 145.000000, "TIDES_ID": 157.000000, "NAME": "Whiskey Run", "STREAM": "Cut Cr", "LOCATION": "T27S R14W Sec 31 - ON THE BEACH", "OBSERVED": "NA" }, "geometry": { "type": "Point", "coordinates": [ 272191.593750, 547744.562500 ] } }
,
{ "type": "Feature", "properties": { "AREA": 0.000000, "PERIMETER": 0.000000, "TIDES_": 146.000000, "TIDES_ID": 156.000000, "NAME": "Whiskey Run", "STREAM": "Whiskey Run", "LOCATION": "T27S R14W Sec 20 - ON THE BEACH", "OBSERVED": "NA" }, "geometry": { "type": "Point", "coordinates": [ 274303.843750, 557255.812500 ] } }
,
{ "type": "Feature", "properties": { "AREA": 0.000000, "PERIMETER": 0.000000, "TIDES_": 147.000000, "TIDES_ID": 155.000000, "NAME": "Whiskey Run", "STREAM": "Twomile Cr", "LOCATION": "T27S R14W Sec 17 - ON THE BEACH", "OBSERVED": "NA" }, "geometry": { "type": "Point", "coordinates": [ 275637.875000, 566371.750000 ] } }
,
{ "type": "Feature", "properties": { "AREA": 0.000000, "PERIMETER": 0.000000, "TIDES_": 148.000000, "TIDES_ID": 154.000000, "NAME": "Whiskey Run", "STREAM": "Threemile Cr", "LOCATION": "T27S R14W Sec - ON THE BEACH", "OBSERVED": "NA" }, "geometry": { "type": "Point", "coordinates": [ 277416.625000, 573214.937500 ] } }
,
{ "type": "Feature", "properties": { "AREA": 0.000000, "PERIMETER": 0.000000, "TIDES_": 149.000000, "TIDES_ID": 153.000000, "NAME": "Whiskey Run", "STREAM": "Fivemile Cr", "LOCATION": "T27S R14W Sec 5 - ON THE BEACH", "OBSERVED": "NA" }, "geometry": { "type": "Point", "coordinates": [ 278380.093750, 577068.812500 ] } }
,
{ "type": "Feature", "properties": { "AREA": 0.000000, "PERIMETER": 0.000000, "TIDES_": 150.000000, "TIDES_ID": 161.000000, "NAME": "Pistol River", "STREAM": "Houstenader Cr", "LOCATION": "T39S R14W Sec 9 - ON THE BEACH", "OBSERVED": "NA" }, "geometry": { "type": "Point", "coordinates": [ 262136.890625, 193654.562500 ] } }
,
{ "type": "Feature", "properties": { "AREA": 0.000000, "PERIMETER": 0.000000, "TIDES_": 151.000000, "TIDES_ID": 160.000000, "NAME": "Pistol River", "STREAM": "Burnt Hill Cr", "LOCATION": "T39S R14W Sec 5 - ON THE BEACH", "OBSERVED": "NA" }, "geometry": { "type": "Point", "coordinates": [ 259110.593750, 200769.453125 ] } }
,
{ "type": "Feature", "properties": { "AREA": 0.000000, "PERIMETER": 0.000000, "TIDES_": 152.000000, "TIDES_ID": 159.000000, "NAME": "Pistol River", "STREAM": "Pistol River", "LOCATION": "T38S R14W W LINE OF Sec 20 RM 1.4", "OBSERVED": "May 15 1979" }, "geometry": { "type": "Point", "coordinates": [ 257739.484375, 214159.312500 ] } }
,
{ "type": "Feature", "properties": { "AREA": 0.000000, "PERIMETER": 0.000000, "TIDES_": 153.000000, "TIDES_ID": 158.000000, "NAME": "Pistol River", "STREAM": "Myers Cr", "LOCATION": "T38S R14W Sec 7 - ON THE BEACH", "OBSERVED": "NA" }, "geometry": { "type": "Point", "coordinates": [ 254676.125000, 228216.187500 ] } }
,
{ "type": "Feature", "properties": { "AREA": 0.000000, "PERIMETER": 0.000000, "TIDES_": 154.000000, "TIDES_ID": 162.000000, "NAME": "Umpqua R. Area", "STREAM": "Winchester Cr", "LOCATION": "T22S R12W Sec 8", "OBSERVED": "Sept 20 1982" }, "geometry": { "type": "Point", "coordinates": [ 339389.382596, 721091.363359 ] } }
,
{ "type": "Feature", "properties": { "AREA": 0.000000, "PERIMETER": 0.000000, "TIDES_": 155.000000, "TIDES_ID": 166.000000, "NAME": "Umpqua R. Area", "STREAM": "Threemile Cr", "LOCATION": "T21S R12W Sec 18 - ON THE BEACH", "OBSERVED": "NA" }, "geometry": { "type": "Point", "coordinates": [ 340057.000000, 749669.500000 ] } }
,
{ "type": "Feature", "properties": { "AREA": 0.000000, "PERIMETER": 0.000000, "TIDES_": 156.000000, "TIDES_ID": 163.000000, "NAME": "Umpqua R. Area", "STREAM": "Silver Cr", "LOCATION": "T22S R12W Sec 8", "OBSERVED": "Aug 4 1980" }, "geometry": { "type": "Point", "coordinates": [ 345280.031250, 723097.375000 ] } }
,
{ "type": "Feature", "properties": { "AREA": 0.000000, "PERIMETER": 0.000000, "TIDES_": 157.000000, "TIDES_ID": 164.000000, "NAME": "Umpqua R. Area", "STREAM": "Winchester Cr", "LOCATION": "T22S R12W Sec 8", "OBSERVED": "Sept 20 1982" }, "geometry": { "type": "Point", "coordinates": [ 345205.906250, 721442.187500 ] } }
,
{ "type": "Feature", "properties": { "AREA": 0.000000, "PERIMETER": 0.000000, "TIDES_": 158.000000, "TIDES_ID": 165.000000, "NAME": "Umpqua R. Area", "STREAM": "Winchester Cr", "LOCATION": "T22S R12W Sec 8", "OBSERVED": "Sept 20 1982" }, "geometry": { "type": "Point", "coordinates": [ 347972.812500, 722232.687500 ] } }
,
{ "type": "Feature", "properties": { "AREA": 0.000000, "PERIMETER": 0.000000, "TIDES_": 159.000000, "TIDES_ID": 167.000000, "NAME": "Umpqua R. Area", "STREAM": "Providence Cr", "LOCATION": "T21S R12W Sec 28 - DIKED AT TIDEGATE", "OBSERVED": "July 11 1979" }, "geometry": { "type": "Point", "coordinates": [ 353730.656250, 739200.625000 ] } }
,
{ "type": "Feature", "properties": { "AREA": 0.000000, "PERIMETER": 0.000000, "TIDES_": 160.000000, "TIDES_ID": 168.000000, "NAME": "Umpqua R. Area", "STREAM": "Oak Cr", "LOCATION": "T22S R11W Sec 7", "OBSERVED": "July 11 1979" }, "geometry": { "type": "Point", "coordinates": [ 370552.718750, 721722.250000 ] } }
,
{ "type": "Feature", "properties": { "AREA": 0.000000, "PERIMETER": 0.000000, "TIDES_": 161.000000, "TIDES_ID": 169.000000, "NAME": "Umpqua R. Area", "STREAM": "Scholfield Cr", "LOCATION": "T22S R12W Sec 11", "OBSERVED": "July 11 1979" }, "geometry": { "type": "Point", "coordinates": [ 362277.031250, 723035.500000 ] } }
,
{ "type": "Feature", "properties": { "AREA": 0.000000, "PERIMETER": 0.000000, "TIDES_": 162.000000, "TIDES_ID": 170.000000, "NAME": "Umpqua R. Area", "STREAM": "Umpqua River", "LOCATION": "T22S R9W Sec 7 - RM 29.2", "OBSERVED": "Aug 18 1977" }, "geometry": { "type": "Point", "coordinates": [ 437313.468750, 716027.812500 ] } }
,
{ "type": "Feature", "properties": { "AREA": 0.000000, "PERIMETER": 0.000000, "TIDES_": 163.000000, "TIDES_ID": 172.000000, "NAME": "Sixes - Elk Area", "STREAM": "Elk River", "LOCATION": "T32S R15W Sec 19", "OBSERVED": "Feb 27 1979" }, "geometry": { "type": "Point", "coordinates": [ 235166.031250, 405235.031250 ] } }
,
{ "type": "Feature", "properties": { "AREA": 0.000000, "PERIMETER": 0.000000, "TIDES_": 164.000000, "TIDES_ID": 173.000000, "NAME": "Sixes - Elk Area", "STREAM": "Elk River", "LOCATION": "T32S R15W Sec 19", "OBSERVED": "Feb 27 1979" }, "geometry": { "type": "Point", "coordinates": [ 234098.140625, 406150.343750 ] } }
,
{ "type": "Feature", "properties": { "AREA": 0.000000, "PERIMETER": 0.000000, "TIDES_": 165.000000, "TIDES_ID": 171.000000, "NAME": "Sixes - Elk Area", "STREAM": "Sixes River", "LOCATION": "T31S R15W Sec 31 RM 2", "OBSERVED": "Feb 27 1979" }, "geometry": { "type": "Point", "coordinates": [ 233793.359375, 423789.375000 ] } }
,
{ "type": "Feature", "properties": { "AREA": 0.000000, "PERIMETER": 0.000000, "TIDES_": 166.000000, "TIDES_ID": 179.000000, "NAME": "New R. Area", "STREAM": "New River", "LOCATION": "T30S R15W S LINE OF Sec 15", "OBSERVED": "Mar 7 1979" }, "geometry": { "type": "Point", "coordinates": [ 250558.812500, 469979.281250 ] } }
,
{ "type": "Feature", "properties": { "AREA": 0.000000, "PERIMETER": 0.000000, "TIDES_": 167.000000, "TIDES_ID": 180.000000, "NAME": "New R. Area", "STREAM": "New Lake", "LOCATION": "T30S R15W S LINE OF Sec 15", "OBSERVED": "Mar 7 1979" }, "geometry": { "type": "Point", "coordinates": [ 251413.125000, 470284.375000 ] } }
,
{ "type": "Feature", "properties": { "AREA": 0.000000, "PERIMETER": 0.000000, "TIDES_": 168.000000, "TIDES_ID": 175.000000, "NAME": "New R. Area", "STREAM": "Croft Lake", "LOCATION": "T30S R15W E LINE OF Sec 10", "OBSERVED": "Mar. 7 1979" }, "geometry": { "type": "Point", "coordinates": [ 254586.265625, 476203.500000 ] } }
,
{ "type": "Feature", "properties": { "AREA": 0.000000, "PERIMETER": 0.000000, "TIDES_": 169.000000, "TIDES_ID": 174.000000, "NAME": "New R. Area", "STREAM": "Fourmile Cr", "LOCATION": "T30S R15W Sec 2", "OBSERVED": "Mar. 7 1979" }, "geometry": { "type": "Point", "coordinates": [ 257576.328125, 483892.281250 ] } }
,
{ "type": "Feature", "properties": { "AREA": 0.000000, "PERIMETER": 0.000000, "TIDES_": 170.000000, "TIDES_ID": 178.000000, "NAME": "New R. Area", "STREAM": "Twomile Cr", "LOCATION": "T29S R15W Sec 13 RM 0.6", "OBSERVED": "April 25 197" }, "geometry": { "type": "Point", "coordinates": [ 263587.000000, 501527.593750 ] } }
,
{ "type": "Feature", "properties": { "AREA": 0.000000, "PERIMETER": 0.000000, "TIDES_": 171.000000, "TIDES_ID": 177.000000, "NAME": "New R. Area", "STREAM": "China Cr", "LOCATION": "T29S R15W Sec 11 - ON THE BEACH", "OBSERVED": "NA" }, "geometry": { "type": "Point", "coordinates": [ 261390.203125, 506470.375000 ] } }
,
{ "type": "Feature", "properties": { "AREA": 0.000000, "PERIMETER": 0.000000, "TIDES_": 172.000000, "TIDES_ID": 176.000000, "NAME": "New R. Area", "STREAM": "Cooked Cr", "LOCATION": "T29S R15W Sec 12 - ON THE BEACH", "OBSERVED": "NA" }, "geometry": { "type": "Point", "coordinates": [ 261634.296875, 510619.875000 ] } }
,
{ "type": "Feature", "properties": { "AREA": 0.000000, "PERIMETER": 0.000000, "TIDES_": 173.000000, "TIDES_ID": 186.000000, "NAME": "Port Orford", "STREAM": "Euchre Cr", "LOCATION": "T35S R14W Sec 8 - ON THE BEACH", "OBSERVED": "NA" }, "geometry": { "type": "Point", "coordinates": [ 265380.968750, 321011.843750 ] } }
,
{ "type": "Feature", "properties": { "AREA": 0.000000, "PERIMETER": 0.000000, "TIDES_": 174.000000, "TIDES_ID": 184.000000, "NAME": "Port Orford", "STREAM": "Mussel Cr", "LOCATION": "T34S R14W Sec 14 - ON THE BEACH", "OBSERVED": "NA" }, "geometry": { "type": "Point", "coordinates": [ 262860.843750, 340260.781250 ] } }
,
{ "type": "Feature", "properties": { "AREA": 0.000000, "PERIMETER": 0.000000, "TIDES_": 175.000000, "TIDES_ID": 185.000000, "NAME": "Port Orford", "STREAM": "Rinehart Cr", "LOCATION": "T34S R14W Sec 18 - ON THE BEACH", "OBSERVED": "NA" }, "geometry": { "type": "Point", "coordinates": [ 261420.781250, 348133.156250 ] } }
,
{ "type": "Feature", "properties": { "AREA": 0.000000, "PERIMETER": 0.000000, "TIDES_": 176.000000, "TIDES_ID": 183.000000, "NAME": "Port Orford", "STREAM": "Retz Cr", "LOCATION": "T33S R15W Sec 15 - ON THE BEACH", "OBSERVED": "NA" }, "geometry": { "type": "Point", "coordinates": [ 248196.125000, 375782.531250 ] } }
,
{ "type": "Feature", "properties": { "AREA": 0.000000, "PERIMETER": 0.000000, "TIDES_": 177.000000, "TIDES_ID": 182.000000, "NAME": "Port Orford", "STREAM": "Hubbard Cr", "LOCATION": "T33S R15W Sec 9 - ON THE BEACH", "OBSERVED": "NA" }, "geometry": { "type": "Point", "coordinates": [ 244019.921875, 384950.968750 ] } }
,
{ "type": "Feature", "properties": { "AREA": 0.000000, "PERIMETER": 0.000000, "TIDES_": 178.000000, "TIDES_ID": 181.000000, "NAME": "Port Orford", "STREAM": "Garrison Cr", "LOCATION": "T33S R15W - ON THE BEACH", "OBSERVED": "NA" }, "geometry": { "type": "Point", "coordinates": [ 233699.421875, 394263.437500 ] } }
,
{ "type": "Feature", "properties": { "AREA": 0.000000, "PERIMETER": 0.000000, "TIDES_": 179.000000, "TIDES_ID": 188.000000, "NAME": "Rogue R. Area", "STREAM": "Hunter Cr", "LOCATION": "T37S R14W Sec 7", "OBSERVED": "May 16 1979" }, "geometry": { "type": "Point", "coordinates": [ 254695.984375, 258281.375000 ] } }
,
{ "type": "Feature", "properties": { "AREA": 0.000000, "PERIMETER": 0.000000, "TIDES_": 180.000000, "TIDES_ID": 187.000000, "NAME": "Rogue R. Area", "STREAM": "Rogue River", "LOCATION": "T36S R14W Sec 17", "OBSERVED": "NA" }, "geometry": { "type": "Point", "coordinates": [ 264512.968750, 283742.250000 ] } }
,
{ "type": "Feature", "properties": { "AREA": 0.000000, "PERIMETER": 0.000000, "TIDES_": 181.000000, "TIDES_ID": 191.000000, "NAME": "Chetco Area", "STREAM": "NA", "LOCATION": "NA", "OBSERVED": "NA" }, "geometry": { "type": "Point", "coordinates": [ 282218.968750, 132802.625000 ] } }
,
{ "type": "Feature", "properties": { "AREA": 0.000000, "PERIMETER": 0.000000, "TIDES_": 182.000000, "TIDES_ID": 193.000000, "NAME": "Chetco Area", "STREAM": "Harris Cr", "LOCATION": "T40S R14W Sec 36 - ON THE BEACH", "OBSERVED": "NA" }, "geometry": { "type": "Point", "coordinates": [ 276249.281250, 140253.140625 ] } }
,
{ "type": "Feature", "properties": { "AREA": 0.000000, "PERIMETER": 0.000000, "TIDES_": 183.000000, "TIDES_ID": 192.000000, "NAME": "Chetco Area", "STREAM": "Ransom Cr", "LOCATION": "T41S R14W Sec 1 - ON THE BEACH", "OBSERVED": "NA" }, "geometry": { "type": "Point", "coordinates": [ 279905.125000, 136921.234375 ] } }
,
{ "type": "Feature", "properties": { "AREA": 0.000000, "PERIMETER": 0.000000, "TIDES_": 184.000000, "TIDES_ID": 190.000000, "NAME": "Chetco Area", "STREAM": "Chetco River", "LOCATION": "T40S R13W Sec 34 - RM 3.3", "OBSERVED": "Oct 18 1974" }, "geometry": { "type": "Point", "coordinates": [ 297120.000000, 137846.765625 ] } }
,
{ "type": "Feature", "properties": { "AREA": 0.000000, "PERIMETER": 0.000000, "TIDES_": 185.000000, "TIDES_ID": 189.000000, "NAME": "Chetco Area", "STREAM": "Winchuck River", "LOCATION": "T41S R13W Sec 25 - RM 1.1", "OBSERVED": "May 15 1979" }, "geometry": { "type": "Point", "coordinates": [ 306884.343750, 114338.289062 ] } }
,
{ "type": "Feature", "properties": { "AREA": 0.000000, "PERIMETER": 0.000000, "TIDES_": 186.000000, "TIDES_ID": 194.000000, "NAME": "Cape Ferrelo", "STREAM": "Miller cr", "LOCATION": "T39S R14W Sec 16 - ON THE BEACH", "OBSERVED": "NA" }, "geometry": { "type": "Point", "coordinates": [ 263033.062500, 187004.015625 ] } }
,
{ "type": "Feature", "properties": { "AREA": 0.000000, "PERIMETER": 0.000000, "TIDES_": 187.000000, "TIDES_ID": 195.000000, "NAME": "Cape Ferrelo", "STREAM": "Miner Cr", "LOCATION": "T39S R14W Sec 16 - ON THE BEACH", "OBSERVED": "NA" }, "geometry": { "type": "Point", "coordinates": [ 263291.968750, 186227.265625 ] } }
,
{ "type": "Feature", "properties": { "AREA": 0.000000, "PERIMETER": 0.000000, "TIDES_": 188.000000, "TIDES_ID": 196.000000, "NAME": "Cape Ferrelo", "STREAM": "Horse Pairie Cr", "LOCATION": "T39S R14W Sec 21 - ON THE BEACH", "OBSERVED": "NA" }, "geometry": { "type": "Point", "coordinates": [ 265233.843750, 183443.906250 ] } }
,
{ "type": "Feature", "properties": { "AREA": 0.000000, "PERIMETER": 0.000000, "TIDES_": 189.000000, "TIDES_ID": 197.000000, "NAME": "Cape Ferrelo", "STREAM": "Spruce Cr", "LOCATION": "T39S R14W Sec 21 - ON THE BEACH", "OBSERVED": "NA" }, "geometry": { "type": "Point", "coordinates": [ 265751.687500, 181113.656250 ] } }
,
{ "type": "Feature", "properties": { "AREA": 0.000000, "PERIMETER": 0.000000, "TIDES_": 190.000000, "TIDES_ID": 198.000000, "NAME": "Cape Ferrelo", "STREAM": "China Cr", "LOCATION": "T39S R14W Sec 28 - ON THE BEACH", "OBSERVED": "NA" }, "geometry": { "type": "Point", "coordinates": [ 265622.218750, 179236.515625 ] } }
,
{ "type": "Feature", "properties": { "AREA": 0.000000, "PERIMETER": 0.000000, "TIDES_": 191.000000, "TIDES_ID": 199.000000, "NAME": "Cape Ferrelo", "STREAM": "Thomas Cr", "LOCATION": "T39S R14W Sec 28 - ON THE BEACH", "OBSERVED": "NA" }, "geometry": { "type": "Point", "coordinates": [ 265492.750000, 176129.515625 ] } }
,
{ "type": "Feature", "properties": { "AREA": 0.000000, "PERIMETER": 0.000000, "TIDES_": 192.000000, "TIDES_ID": 200.000000, "NAME": "Cape Ferrelo", "STREAM": "Whalehead Cr", "LOCATION": "T40S R14W Sec 3 - ON THE BEACH", "OBSERVED": "NA" }, "geometry": { "type": "Point", "coordinates": [ 266528.437500, 167908.921875 ] } }
,
{ "type": "Feature", "properties": { "AREA": 0.000000, "PERIMETER": 0.000000, "TIDES_": 193.000000, "TIDES_ID": 201.000000, "NAME": "Cape Ferrelo", "STREAM": "Coon Cr", "LOCATION": "T40S R14W Sec 3 - ON THE BEACH", "OBSERVED": "NA" }, "geometry": { "type": "Point", "coordinates": [ 266657.875000, 167585.265625 ] } }
,
{ "type": "Feature", "properties": { "AREA": 0.000000, "PERIMETER": 0.000000, "TIDES_": 194.000000, "TIDES_ID": 202.000000, "NAME": "Cape Ferrelo", "STREAM": "Bowman Cr", "LOCATION": "T40S R14W Sec 3 - ON THE BEACH", "OBSERVED": "NA" }, "geometry": { "type": "Point", "coordinates": [ 267111.000000, 165255.015625 ] } }
,
{ "type": "Feature", "properties": { "AREA": 0.000000, "PERIMETER": 0.000000, "TIDES_": 195.000000, "TIDES_ID": 203.000000, "NAME": "Cape Ferrelo", "STREAM": "Lone Ranch Cr", "LOCATION": "T40S R14W Sec 22 - ON THE BEACH", "OBSERVED": "NA" }, "geometry": { "type": "Point", "coordinates": [ 268729.218750, 152179.734375 ] } }
,
{ "type": "Feature", "properties": { "AREA": 0.000000, "PERIMETER": 0.000000, "TIDES_": 196.000000, "TIDES_ID": 204.000000, "NAME": "Cape Ferrelo", "STREAM": "Ram Cr", "LOCATION": "T40S R14W Sec 22 - ON THE BEACH", "OBSERVED": "NA" }, "geometry": { "type": "Point", "coordinates": [ 269570.687500, 151338.250000 ] } }
,
{ "type": "Feature", "properties": { "AREA": 0.000000, "PERIMETER": 0.000000, "TIDES_": 197.000000, "TIDES_ID": 205.000000, "NAME": "Cape Ferrelo", "STREAM": "Taylor Cr", "LOCATION": "T40S R14W Sec 26 - ON THE BEACH", "OBSERVED": "NA" }, "geometry": { "type": "Point", "coordinates": [ 273778.093750, 145706.812500 ] } }
,
{ "type": "Feature", "properties": { "AREA": 0.000000, "PERIMETER": 0.000000, "TIDES_": 198.000000, "TIDES_ID": 206.000000, "NAME": "Cape Ferrelo", "STREAM": "Shy Cr", "LOCATION": "T40S R14W Sec 26 - ON THE BEACH", "OBSERVED": "NA" }, "geometry": { "type": "Point", "coordinates": [ 274943.218750, 143117.656250 ] } }
,
{ "type": "Feature", "properties": { "AREA": 0.000000, "PERIMETER": 0.000000, "TIDES_": 199.000000, "TIDES_ID": 214.000000, "NAME": "Smith R. Area", "STREAM": "Estliack Cr", "LOCATION": "T20S R11W Sec 35", "OBSERVED": "July 11 1979" }, "geometry": { "type": "Point", "coordinates": [ 395015.843750, 766524.187500 ] } }
,
{ "type": "Feature", "properties": { "AREA": 0.000000, "PERIMETER": 0.000000, "TIDES_": 200.000000, "TIDES_ID": 213.000000, "NAME": "Smith R. Area", "STREAM": "Noel Cr", "LOCATION": "T21S R11W Sec 3", "OBSERVED": "April 25 198" }, "geometry": { "type": "Point", "coordinates": [ 388364.937500, 757397.375000 ] } }
,
{ "type": "Feature", "properties": { "AREA": 0.000000, "PERIMETER": 0.000000, "TIDES_": 201.000000, "TIDES_ID": 210.000000, "NAME": "Smith R. Area", "STREAM": "Joyce Cr", "LOCATION": "T21S R11W Sec 8", "OBSERVED": "July 10 1979" }, "geometry": { "type": "Point", "coordinates": [ 379933.968750, 752413.250000 ] } }
,
{ "type": "Feature", "properties": { "AREA": 0.000000, "PERIMETER": 0.000000, "TIDES_": 202.000000, "TIDES_ID": 209.000000, "NAME": "Smith R. Area", "STREAM": "Brainard Cr", "LOCATION": "T21S R11W Sec 17", "OBSERVED": "July 11 1979" }, "geometry": { "type": "Point", "coordinates": [ 381099.093750, 747461.437500 ] } }
,
{ "type": "Feature", "properties": { "AREA": 0.000000, "PERIMETER": 0.000000, "TIDES_": 203.000000, "TIDES_ID": 208.000000, "NAME": "Smith R. Area", "STREAM": "Hudson Cr", "LOCATION": "T21S R11W Sec 13", "OBSERVED": "June 28 1979" }, "geometry": { "type": "Point", "coordinates": [ 367651.593750, 748594.187500 ] } }
,
{ "type": "Feature", "properties": { "AREA": 0.000000, "PERIMETER": 0.000000, "TIDES_": 204.000000, "TIDES_ID": 207.000000, "NAME": "Smith R. Area", "STREAM": "Franz Cr", "LOCATION": "T21S R12W Sec 14", "OBSERVED": "June 28 1979" }, "geometry": { "type": "Point", "coordinates": [ 364835.875000, 747785.062500 ] } }
,
{ "type": "Feature", "properties": { "AREA": 0.000000, "PERIMETER": 0.000000, "TIDES_": 205.000000, "TIDES_ID": 212.000000, "NAME": "Smith R. Area", "STREAM": "Butler Cr", "LOCATION": "T21S R11W Sec 30", "OBSERVED": "June 28 1979" }, "geometry": { "type": "Point", "coordinates": [ 374302.531250, 736360.375000 ] } }
,
{ "type": "Feature", "properties": { "AREA": 0.000000, "PERIMETER": 0.000000, "TIDES_": 206.000000, "TIDES_ID": 211.000000, "NAME": "Smith R. Area", "STREAM": "Otter Sl", "LOCATION": "T21S R11W Sec 27", "OBSERVED": "June 28 1979" }, "geometry": { "type": "Point", "coordinates": [ 388607.656250, 739273.187500 ] } }
,
{ "type": "Feature", "properties": { "AREA": 0.000000, "PERIMETER": 0.000000, "TIDES_": 207.000000, "TIDES_ID": 215.000000, "NAME": "Smith R. Area", "STREAM": "Smith River", "LOCATION": "T20S R10W Sec 34 RM 23.1", "OBSERVED": "July 10 1979" }, "geometry": { "type": "Point", "coordinates": [ 419564.406250, 764258.687500 ] } }
,
{ "type": "Feature", "properties": { "AREA": 0.000000, "PERIMETER": 0.000000, "TIDES_": 208.000000, "TIDES_ID": 216.000000, "NAME": "Smith R. Area", "STREAM": "N.  Fork Smith", "LOCATION": "T20S R10W Sec 30", "OBSERVED": "July 10 1979" }, "geometry": { "type": "Point", "coordinates": [ 406618.562500, 767689.312500 ] } }
,
{ "type": "Feature", "properties": { "AREA": 0.000000, "PERIMETER": 0.000000, "TIDES_": 209.000000, "TIDES_ID": 221.000000, "NAME": "Coquille R. Area", "STREAM": "NA", "LOCATION": "NA", "OBSERVED": "NA" }, "geometry": { "type": "Point", "coordinates": [ 289896.843750, 529304.437500 ] } }
,
{ "type": "Feature", "properties": { "AREA": 0.000000, "PERIMETER": 0.000000, "TIDES_": 210.000000, "TIDES_ID": 217.000000, "NAME": "Coquille R. Area", "STREAM": "Johnson Cr", "LOCATION": "T29S R15W Sec 1 - ON THE BEACH", "OBSERVED": "July 31 1984" }, "geometry": { "type": "Point", "coordinates": [ 262234.718750, 514609.437500 ] } }
,
{ "type": "Feature", "properties": { "AREA": 0.000000, "PERIMETER": 0.000000, "TIDES_": 211.000000, "TIDES_ID": 218.000000, "NAME": "Coquille R. Area", "STREAM": "Ferry Cr", "LOCATION": "T28S R14W Sec 29", "OBSERVED": "June 13 1979" }, "geometry": { "type": "Point", "coordinates": [ 276649.531250, 521739.031250 ] } }
,
{ "type": "Feature", "properties": { "AREA": 0.000000, "PERIMETER": 0.000000, "TIDES_": 212.000000, "TIDES_ID": 219.000000, "NAME": "Coquille R. Area", "STREAM": "Ferry Cr", "LOCATION": "T28S R14W Sec 29", "OBSERVED": "June 13 1979" }, "geometry": { "type": "Point", "coordinates": [ 275466.468750, 521240.875000 ] } }
,
{ "type": "Feature", "properties": { "AREA": 0.000000, "PERIMETER": 0.000000, "TIDES_": 213.000000, "TIDES_ID": 222.000000, "NAME": "Coquille R. Area", "STREAM": "Bear Cr", "LOCATION": "T28S R14W Sec 27", "OBSERVED": "June 13 1979" }, "geometry": { "type": "Point", "coordinates": [ 286378.750000, 521863.562500 ] } }
,
{ "type": "Feature", "properties": { "AREA": 0.000000, "PERIMETER": 0.000000, "TIDES_": 214.000000, "TIDES_ID": 223.000000, "NAME": "Coquille R. Area", "STREAM": "Sevenmile Cr", "LOCATION": "T28S R14W Sec 3 - FORMER HEAD OF TIDE", "OBSERVED": "NA" }, "geometry": { "type": "Point", "coordinates": [ 288993.968750, 541882.437500 ] } }
,
{ "type": "Feature", "properties": { "AREA": 0.000000, "PERIMETER": 0.000000, "TIDES_": 215.000000, "TIDES_ID": 220.000000, "NAME": "Coquille R. Area", "STREAM": "Lowe Cr", "LOCATION": "T28S R14W Sec 11", "OBSERVED": "July 31 1984" }, "geometry": { "type": "Point", "coordinates": [ 289585.531250, 536807.625000 ] } }
,
{ "type": "Feature", "properties": { "AREA": 0.000000, "PERIMETER": 0.000000, "TIDES_": 216.000000, "TIDES_ID": 225.000000, "NAME": "Coquille R Area", "STREAM": "Hatchet Sl", "LOCATION": "T28S R13W Sec 7", "OBSERVED": "July 31 1984" }, "geometry": { "type": "Point", "coordinates": [ 299906.281250, 535718.000000 ] } }
,
{ "type": "Feature", "properties": { "AREA": 0.000000, "PERIMETER": 0.000000, "TIDES_": 217.000000, "TIDES_ID": 226.000000, "NAME": "Coquille R Area", "STREAM": "Iowa Sl", "LOCATION": "T28S R13W Sec 7", "OBSERVED": "July 31 1984" }, "geometry": { "type": "Point", "coordinates": [ 303455.500000, 538893.562500 ] } }
,
{ "type": "Feature", "properties": { "AREA": 0.000000, "PERIMETER": 0.000000, "TIDES_": 218.000000, "TIDES_ID": 224.000000, "NAME": "Coquille R Area", "STREAM": "Lampa Cr", "LOCATION": "T28S R13W Sec 30", "OBSERVED": "June 13 1979" }, "geometry": { "type": "Point", "coordinates": [ 300902.562500, 520898.406250 ] } }
,
{ "type": "Feature", "properties": { "AREA": 0.000000, "PERIMETER": 0.000000, "TIDES_": 219.000000, "TIDES_ID": 228.000000, "NAME": "Coquille R Area", "STREAM": "S.  Frk Coquille", "LOCATION": "T29S R12W Sec 20 - RM 3", "OBSERVED": "May 16 1979" }, "geometry": { "type": "Point", "coordinates": [ 338823.187500, 494715.125000 ] } }
,
{ "type": "Feature", "properties": { "AREA": 0.000000, "PERIMETER": 0.000000, "TIDES_": 220.000000, "TIDES_ID": 227.000000, "NAME": "Coquille R Area", "STREAM": "N.  Frk Coquille", "LOCATION": "T29S R12W - S line of Sec 4 RM 0.5", "OBSERVED": "May 16 1979" }, "geometry": { "type": "Point", "coordinates": [ 342372.406250, 506141.125000 ] } }
,
{ "type": "Feature", "properties": { "AREA": 0.000000, "PERIMETER": 0.000000, "TIDES_": 221.000000, "TIDES_ID": 230.000000, "NAME": "Coos Bay Area", "STREAM": "Joe Ney Sl", "LOCATION": "TT26S R13W Sec 6 & 7", "OBSERVED": "Apr 12 1979" }, "geometry": { "type": "Point", "coordinates": [ 303642.343750, 601596.500000 ] } }
,
{ "type": "Feature", "properties": { "AREA": 0.000000, "PERIMETER": 0.000000, "TIDES_": 222.000000, "TIDES_ID": 229.000000, "NAME": "Coos Bay Area", "STREAM": "Haywood Cr", "LOCATION": "T26S R14W Sec 14", "OBSERVED": "Apr 12 1979" }, "geometry": { "type": "Point", "coordinates": [ 292434.281250, 595400.937500 ] } }
,
{ "type": "Feature", "properties": { "AREA": 0.000000, "PERIMETER": 0.000000, "TIDES_": 223.000000, "TIDES_ID": 231.000000, "NAME": "Coos Bay Area", "STREAM": "Day Cr", "LOCATION": "T26S R14W Sec 13", "OBSERVED": "Apr 12 1979" }, "geometry": { "type": "Point", "coordinates": [ 300061.968750, 594373.562500 ] } }
,
{ "type": "Feature", "properties": { "AREA": 0.000000, "PERIMETER": 0.000000, "TIDES_": 224.000000, "TIDES_ID": 232.000000, "NAME": "Coos Bay Area", "STREAM": "Elliot Cr", "LOCATION": "T26S R13W Sec 19", "OBSERVED": "Apr 12 1979" }, "geometry": { "type": "Point", "coordinates": [ 301898.843750, 586808.125000 ] } }
,
{ "type": "Feature", "properties": { "AREA": 0.000000, "PERIMETER": 0.000000, "TIDES_": 225.000000, "TIDES_ID": 234.000000, "NAME": "Coos Bay Area", "STREAM": "Talbot Cr", "LOCATION": "T26S R13W Sec 30", "OBSERVED": "Apr 12 1979" }, "geometry": { "type": "Point", "coordinates": [ 301743.187500, 582418.250000 ] } }
,
{ "type": "Feature", "properties": { "AREA": 0.000000, "PERIMETER": 0.000000, "TIDES_": 226.000000, "TIDES_ID": 233.000000, "NAME": "Coos Bay Area", "STREAM": "John B Cr", "LOCATION": "T26S R14W Sec 25", "OBSERVED": "Apr 12 1979" }, "geometry": { "type": "Point", "coordinates": [ 299034.562500, 581982.375000 ] } }
,
{ "type": "Feature", "properties": { "AREA": 0.000000, "PERIMETER": 0.000000, "TIDES_": 227.000000, "TIDES_ID": 239.000000, "NAME": "Coos Bay Area", "STREAM": "South Sl", "LOCATION": "T26S R13W - ALL", "OBSERVED": "NA" }, "geometry": { "type": "Point", "coordinates": [ 300186.500000, 584628.750000 ] } }
,
{ "type": "Feature", "properties": { "AREA": 0.000000, "PERIMETER": 0.000000, "TIDES_": 228.000000, "TIDES_ID": 237.000000, "NAME": "Coos Bay Area", "STREAM": "Wasson Cr", "LOCATION": "T26S R14W Sec 35", "OBSERVED": "Apr 12 1979" }, "geometry": { "type": "Point", "coordinates": [ 294675.875000, 576938.750000 ] } }
,
{ "type": "Feature", "properties": { "AREA": 0.000000, "PERIMETER": 0.000000, "TIDES_": 229.000000, "TIDES_ID": 238.000000, "NAME": "Coos Bay Area", "STREAM": "Winchester Cr", "LOCATION": "T27S R14W Sec 2", "OBSERVED": "Apr 12 1979" }, "geometry": { "type": "Point", "coordinates": [ 295423.093750, 575195.312500 ] } }
,
{ "type": "Feature", "properties": { "AREA": 0.000000, "PERIMETER": 0.000000, "TIDES_": 230.000000, "TIDES_ID": 235.000000, "NAME": "Coos Bay Area", "STREAM": "Cox Canyon", "LOCATION": "T26S R14W Sec 36", "OBSERVED": "Apr 12 1979" }, "geometry": { "type": "Point", "coordinates": [ 296294.812500, 578028.437500 ] } }
,
{ "type": "Feature", "properties": { "AREA": 0.000000, "PERIMETER": 0.000000, "TIDES_": 231.000000, "TIDES_ID": 240.000000, "NAME": "Coos Bay Area", "STREAM": "North Sl", "LOCATION": "T24S R13W - TIDEGATE AT HWY 101", "OBSERVED": "July 31 1984" }, "geometry": { "type": "Point", "coordinates": [ 325482.500000, 656920.750000 ] } }
,
{ "type": "Feature", "properties": { "AREA": 0.000000, "PERIMETER": 0.000000, "TIDES_": 232.000000, "TIDES_ID": 243.000000, "NAME": "Coos Bay Area", "STREAM": "Paloose Cr", "LOCATION": "T24S R13W Sec 25 - TIDEGATE  AT BRIDGE", "OBSERVED": "July 31 1984" }, "geometry": { "type": "Point", "coordinates": [ 333390.406250, 647393.937500 ] } }
,
{ "type": "Feature", "properties": { "AREA": 0.000000, "PERIMETER": 0.000000, "TIDES_": 233.000000, "TIDES_ID": 242.000000, "NAME": "Coos Bay Area", "STREAM": "Larson Sl", "LOCATION": "T24S R13W Sec 25 - TIDEGATE  AT BRIDGE", "OBSERVED": "July 31 1984" }, "geometry": { "type": "Point", "coordinates": [ 332020.531250, 645961.750000 ] } }
,
{ "type": "Feature", "properties": { "AREA": 0.000000, "PERIMETER": 0.000000, "TIDES_": 234.000000, "TIDES_ID": 241.000000, "NAME": "Coos Bay Area", "STREAM": "Kentucky Sl", "LOCATION": "T25S R13W Sec 12 - TIDEGATE  AT HWY BRID", "OBSERVED": "July 31 1984" }, "geometry": { "type": "Point", "coordinates": [ 333390.406250, 631142.250000 ] } }
,
{ "type": "Feature", "properties": { "AREA": 0.000000, "PERIMETER": 0.000000, "TIDES_": 235.000000, "TIDES_ID": 244.000000, "NAME": "Coos Bay Area", "STREAM": "Willanch Sl", "LOCATION": "T25S R13W Sec 13 - TIDEGATE  AT HWY BRIDGE", "OBSERVED": "July 31 1984" }, "geometry": { "type": "Point", "coordinates": [ 331335.593750, 624728.750000 ] } }
,
{ "type": "Feature", "properties": { "AREA": 0.000000, "PERIMETER": 0.000000, "TIDES_": 236.000000, "TIDES_ID": 245.000000, "NAME": "Coos Bay Area", "STREAM": "Mart Davis Cr", "LOCATION": "T25S R12W Sec 23 -  SOUTH OF HWY", "OBSERVED": "Aug 1 1984" }, "geometry": { "type": "Point", "coordinates": [ 356968.281250, 615052.062500 ] } }
,
{ "type": "Feature", "properties": { "AREA": 0.000000, "PERIMETER": 0.000000, "TIDES_": 237.000000, "TIDES_ID": 246.000000, "NAME": "Coos Bay Area", "STREAM": "Denton Cr", "LOCATION": "T25S R12W Sec 13 - AT WHY CULVERT", "OBSERVED": "July 31 1984" }, "geometry": { "type": "Point", "coordinates": [ 365448.281250, 623431.687500 ] } }
,
{ "type": "Feature", "properties": { "AREA": 0.000000, "PERIMETER": 0.000000, "TIDES_": 238.000000, "TIDES_ID": 247.000000, "NAME": "Coos Bay Area", "STREAM": "W.  Frk Millicoma", "LOCATION": "T25S R11W Sec 6 - RM 1.1", "OBSERVED": "Mar 7 1979" }, "geometry": { "type": "Point", "coordinates": [ 371268.906250, 632363.312500 ] } }
,
{ "type": "Feature", "properties": { "AREA": 0.000000, "PERIMETER": 0.000000, "TIDES_": 239.000000, "TIDES_ID": 248.000000, "NAME": "Coos Bay Area", "STREAM": "E.  Frk Millicoma", "LOCATION": "T25S R11W Sec 4 - RM 1.3", "OBSERVED": "Mar 7 1979" }, "geometry": { "type": "Point", "coordinates": [ 378695.187500, 632614.187500 ] } }
,
{ "type": "Feature", "properties": { "AREA": 0.000000, "PERIMETER": 0.000000, "TIDES_": 240.000000, "TIDES_ID": 249.000000, "NAME": "Coos Bay Area", "STREAM": "S.  Frk Coos River", "LOCATION": "T25S R11W Sec 27 - RM 10.2", "OBSERVED": "Mar 7 1979" }, "geometry": { "type": "Point", "coordinates": [ 384415.437500, 612442.812500 ] } }
,
{ "type": "Feature", "properties": { "AREA": 0.000000, "PERIMETER": 0.000000, "TIDES_": 241.000000, "TIDES_ID": 250.000000, "NAME": "Coos Bay Area", "STREAM": "Daniels Cr", "LOCATION": "T25S R12W S LINE OF  Sec 35", "OBSERVED": "Mar 7 1979" }, "geometry": { "type": "Point", "coordinates": [ 357620.593750, 604966.375000 ] } }
,
{ "type": "Feature", "properties": { "AREA": 0.000000, "PERIMETER": 0.000000, "TIDES_": 242.000000, "TIDES_ID": 264.000000, "NAME": "Coos Bay Area", "STREAM": "Vogle Cr", "LOCATION": "T25S R12W Sec 29 - TIDEGATE", "OBSERVED": "Mar 8 1979" }, "geometry": { "type": "Point", "coordinates": [ 342943.625000, 612041.375000 ] } }
,
{ "type": "Feature", "properties": { "AREA": 0.000000, "PERIMETER": 0.000000, "TIDES_": 243.000000, "TIDES_ID": 263.000000, "NAME": "Coos Bay Area", "STREAM": "Lillian Cr", "LOCATION": "T25S R12W Sec 32", "OBSERVED": "Mar 8 1979" }, "geometry": { "type": "Point", "coordinates": [ 343244.718750, 609181.250000 ] } }
,
{ "type": "Feature", "properties": { "AREA": 0.000000, "PERIMETER": 0.000000, "TIDES_": 244.000000, "TIDES_ID": 261.000000, "NAME": "Coos Bay Area", "STREAM": "Coalbank Sl", "LOCATION": "T26S R13W Sec 2 & 3", "OBSERVED": "Mar 9 1979" }, "geometry": { "type": "Point", "coordinates": [ 323123.468750, 606622.187500 ] } }
,
{ "type": "Feature", "properties": { "AREA": 0.000000, "PERIMETER": 0.000000, "TIDES_": 245.000000, "TIDES_ID": 262.000000, "NAME": "Coos Bay Area", "STREAM": "Coalbank Sl", "LOCATION": "T26S R13W Sec 2 & 3", "OBSERVED": "Mar 9 1979" }, "geometry": { "type": "Point", "coordinates": [ 325281.125000, 605267.437500 ] } }
,
{ "type": "Feature", "properties": { "AREA": 0.000000, "PERIMETER": 0.000000, "TIDES_": 246.000000, "TIDES_ID": 258.000000, "NAME": "Coos Bay Area", "STREAM": "Shinglehouse Sl", "LOCATION": "T26S R13W Sec 15", "OBSERVED": "Mar 9 1979" }, "geometry": { "type": "Point", "coordinates": [ 322646.781250, 594027.625000 ] } }
,
{ "type": "Feature", "properties": { "AREA": 0.000000, "PERIMETER": 0.000000, "TIDES_": 247.000000, "TIDES_ID": 254.000000, "NAME": "Coos Bay Area", "STREAM": "Seelander Cr", "LOCATION": "T26S R12W Sec 29", "OBSERVED": "Mar 8 1979" }, "geometry": { "type": "Point", "coordinates": [ 342366.593750, 581985.000000 ] } }
,
{ "type": "Feature", "properties": { "AREA": 0.000000, "PERIMETER": 0.000000, "TIDES_": 248.000000, "TIDES_ID": 255.000000, "NAME": "Coos Bay Area", "STREAM": "Wilson Cr", "LOCATION": "T26S R12W Sec 29", "OBSERVED": "Mar 8 1979" }, "geometry": { "type": "Point", "coordinates": [ 341112.156250, 579325.625000 ] } }
,
{ "type": "Feature", "properties": { "AREA": 0.000000, "PERIMETER": 0.000000, "TIDES_": 249.000000, "TIDES_ID": 265.000000, "NAME": "Coos Bay Area", "STREAM": "Stock Sl", "LOCATION": "T26S R12W Sec 9 - FORMER HEAD OF TIDE", "OBSERVED": "Mar 8 1979" }, "geometry": { "type": "Point", "coordinates": [ 344850.375000, 598593.812500 ] } }
,
{ "type": "Feature", "properties": { "AREA": 0.000000, "PERIMETER": 0.000000, "TIDES_": 250.000000, "TIDES_ID": 257.000000, "NAME": "Coos Bay Area", "STREAM": "Boone Cr", "LOCATION": "T26S R12W Sec 32", "OBSERVED": "Mar 8 1979" }, "geometry": { "type": "Point", "coordinates": [ 338452.750000, 577619.562500 ] } }
,
{ "type": "Feature", "properties": { "AREA": 0.000000, "PERIMETER": 0.000000, "TIDES_": 251.000000, "TIDES_ID": 256.000000, "NAME": "Coos Bay Area", "STREAM": "Catching Sl", "LOCATION": "T26S R13W Sec 32", "OBSERVED": "Mar 8 1979" }, "geometry": { "type": "Point", "coordinates": [ 340108.593750, 577970.812500 ] } }
,
{ "type": "Feature", "properties": { "AREA": 0.000000, "PERIMETER": 0.000000, "TIDES_": 252.000000, "TIDES_ID": 259.000000, "NAME": "Coos Bay Area", "STREAM": "Ross Sl", "LOCATION": "T26S R12W Sec 9 - FORMER HEAD OF TIDE", "OBSERVED": "Mar 8 1979" }, "geometry": { "type": "Point", "coordinates": [ 333460.062500, 597841.125000 ] } }
,
{ "type": "Feature", "properties": { "AREA": 0.000000, "PERIMETER": 0.000000, "TIDES_": 253.000000, "TIDES_ID": 253.000000, "NAME": "Coos Bay Area", "STREAM": "Noble Cr", "LOCATION": "T27S R13W Sec 2", "OBSERVED": "Mar 9 1979" }, "geometry": { "type": "Point", "coordinates": [ 323198.750000, 570695.062500 ] } }
,
{ "type": "Feature", "properties": { "AREA": 0.000000, "PERIMETER": 0.000000, "TIDES_": 254.000000, "TIDES_ID": 251.000000, "NAME": "Coos Bay Area", "STREAM": "Davis Sl", "LOCATION": "T26S R13W Sec 27 -28", "OBSERVED": "Mar 9 1979" }, "geometry": { "type": "Point", "coordinates": [ 317829.750000, 585246.562500 ] } }
,
{ "type": "Feature", "properties": { "AREA": 0.000000, "PERIMETER": 0.000000, "TIDES_": 255.000000, "TIDES_ID": 252.000000, "NAME": "Coos Bay Area", "STREAM": "Davis Sl", "LOCATION": "T26S R13W Sec 27 -28", "OBSERVED": "Mar 9 1979" }, "geometry": { "type": "Point", "coordinates": [ 316776.000000, 584744.750000 ] } }
,
{ "type": "Feature", "properties": { "AREA": 0.000000, "PERIMETER": 0.000000, "TIDES_": 256.000000, "TIDES_ID": 266.000000, "NAME": "Coos Bay Area", "STREAM": "Isthumus Sl", "LOCATION": "T27S R13W Sec 2 & 3", "OBSERVED": "Mar 9 1979" }, "geometry": { "type": "Point", "coordinates": [ 322232.843750, 572852.687500 ] } }
,
{ "type": "Feature", "properties": { "AREA": 0.000000, "PERIMETER": 0.000000, "TIDES_": 257.000000, "TIDES_ID": 267.000000, "NAME": "Coos Bay Area", "STREAM": "Isthumus Sl", "LOCATION": "T27S R13W Sec 2 & 3", "OBSERVED": "Mar 9 1979" }, "geometry": { "type": "Point", "coordinates": [ 319723.968750, 572225.437500 ] } }
,
{ "type": "Feature", "properties": { "AREA": 0.000000, "PERIMETER": 0.000000, "TIDES_": 258.000000, "TIDES_ID": 268.000000, "NAME": "Coos Bay Area", "STREAM": "Isthumus Sl", "LOCATION": "T27S R13W Sec 2 & 3", "OBSERVED": "Mar 9 1979" }, "geometry": { "type": "Point", "coordinates": [ 319222.187500, 574759.437500 ] } }
,
{ "type": "Feature", "properties": { "AREA": 0.000000, "PERIMETER": 0.000000, "TIDES_": 259.000000, "TIDES_ID": 277.000000, "NAME": "Berry & Sutton", "STREAM": "Squaw Cr", "LOCATION": "T16S R12W Sec 3 - ON THE BEACH", "OBSERVED": "Aug 15 1984" }, "geometry": { "type": "Point", "coordinates": [ 365009.625000, 916625.812500 ] } }
,
{ "type": "Feature", "properties": { "AREA": 0.000000, "PERIMETER": 0.000000, "TIDES_": 260.000000, "TIDES_ID": 276.000000, "NAME": "Berry & Sutton", "STREAM": "Agate Cr", "LOCATION": "T15S R12W Sec 27 - ON THE BEACH", "OBSERVED": "Aug 15 1984" }, "geometry": { "type": "Point", "coordinates": [ 364848.312500, 911181.125000 ] } }
,
{ "type": "Feature", "properties": { "AREA": 0.000000, "PERIMETER": 0.000000, "TIDES_": 261.000000, "TIDES_ID": 275.000000, "NAME": "Berry & Sutton", "STREAM": "Rock Cr", "LOCATION": "T16S R12W Sec 15 - ON THE BEACH", "OBSERVED": "Aug 15 1984" }, "geometry": { "type": "Point", "coordinates": [ 364324.000000, 907591.750000 ] } }
,
{ "type": "Feature", "properties": { "AREA": 0.000000, "PERIMETER": 0.000000, "TIDES_": 262.000000, "TIDES_ID": 274.000000, "NAME": "Berry & Sutton", "STREAM": "Big Cr", "LOCATION": "T16S R12W Sec 15 - ON THE BEACH", "OBSERVED": "Aug 15 1984" }, "geometry": { "type": "Point", "coordinates": [ 364243.343750, 905091.250000 ] } }
,
{ "type": "Feature", "properties": { "AREA": 0.000000, "PERIMETER": 0.000000, "TIDES_": 263.000000, "TIDES_ID": 272.000000, "NAME": "Berry & Sutton", "STREAM": "China Cr", "LOCATION": "T16S R12W Sec 22 - ON THE BEACH", "OBSERVED": "Aug 15 1984" }, "geometry": { "type": "Point", "coordinates": [ 363779.531250, 902590.750000 ] } }
,
{ "type": "Feature", "properties": { "AREA": 0.000000, "PERIMETER": 0.000000, "TIDES_": 264.000000, "TIDES_ID": 273.000000, "NAME": "Berry & Sutton", "STREAM": "Blowout Cr", "LOCATION": "T16S R12 W Sec 22 - ON THE BEACH", "OBSERVED": "Aug 15 1984" }, "geometry": { "type": "Point", "coordinates": [ 363295.562500, 898275.312500 ] } }
,
{ "type": "Feature", "properties": { "AREA": 0.000000, "PERIMETER": 0.000000, "TIDES_": 265.000000, "TIDES_ID": 271.000000, "NAME": "Berry & Sutton", "STREAM": "Cape Cr", "LOCATION": "T16S R12W Sec 34 - ON THE BEACH", "OBSERVED": "Aug 15 1984" }, "geometry": { "type": "Point", "coordinates": [ 362408.312500, 889604.250000 ] } }
,
{ "type": "Feature", "properties": { "AREA": 0.000000, "PERIMETER": 0.000000, "TIDES_": 266.000000, "TIDES_ID": 270.000000, "NAME": "Berry & Sutton", "STREAM": "Sutton Cr", "LOCATION": "T17S R12W Sec 28 - RM 0.4", "OBSERVED": "Aug 15 1984" }, "geometry": { "type": "Point", "coordinates": [ 360169.937500, 865163.875000 ] } }
,
{ "type": "Feature", "properties": { "AREA": 0.000000, "PERIMETER": 0.000000, "TIDES_": 267.000000, "TIDES_ID": 278.000000, "NAME": "Berry & Sutton", "STREAM": "Bob Cr", "LOCATION": "T15S R12W Sec 22 - ON THE BEACH", "OBSERVED": "Aug 15 1984" }, "geometry": { "type": "Point", "coordinates": [ 365981.843750, 929885.000000 ] } }
,
{ "type": "Feature", "properties": { "AREA": 0.000000, "PERIMETER": 0.000000, "TIDES_": 268.000000, "TIDES_ID": 279.000000, "NAME": "Berry & Sutton", "STREAM": "Agate Cr", "LOCATION": "T15S R12W Sec 27 - ON THE BEACH", "OBSERVED": "Aug 15 1984" }, "geometry": { "type": "Point", "coordinates": [ 366421.312500, 926489.312500 ] } }
,
{ "type": "Feature", "properties": { "AREA": 0.000000, "PERIMETER": 0.000000, "TIDES_": 269.000000, "TIDES_ID": 269.000000, "NAME": "Berry & Sutton", "STREAM": "Berry Cr", "LOCATION": "T17S R12W Sec 15", "OBSERVED": "Aug 15 1984" }, "geometry": { "type": "Point", "coordinates": [ 361420.187500, 875569.187500 ] } }
,
{ "type": "Feature", "properties": { "AREA": 0.000000, "PERIMETER": 0.000000, "TIDES_": 0.000000, "TIDES_ID": 0.000000, "NAME": "Elk Creek Area", "STREAM": "Logan Cr", "LOCATION": "T5N  R10W WEST LINE OF Sec 20", "OBSERVED": "Sept. 25, 19" }, "geometry": { "type": "Point", "coordinates": [ 431619.367442, 1532630.562651 ] } }
,
{ "type": "Feature", "properties": { "AREA": 0.000000, "PERIMETER": 0.000000, "TIDES_": 0.000000, "TIDES_ID": 0.000000, "NAME": "Elk Creek Area", "STREAM": "Elk Cr", "LOCATION": "T5N R 10W, SE 20", "OBSERVED": "Aug. 22, 197" }, "geometry": { "type": "Point", "coordinates": [ 433604.859723, 1530330.190537 ] } }
,
{ "type": "Feature", "properties": { "AREA": 0.000000, "PERIMETER": 0.000000, "TIDES_": 0.000000, "TIDES_ID": 0.000000, "NAME": "Elk Creek Area", "STREAM": "Indian Cr", "LOCATION": "T5N R10W, SEC 7 - No Tide Effect", "OBSERVED": "Sept. 25, 19" }, "geometry": { "type": "Point", "coordinates": [ 427169.776467, 1542960.097175 ] } }
,
{ "type": "Feature", "properties": { "AREA": 0.000000, "PERIMETER": 0.000000, "TIDES_": 0.000000, "TIDES_ID": 0.000000, "NAME": "Elk Creek Area", "STREAM": "Canyon Cr", "LOCATION": "T5N R10W, SEC 7 - No Tide Effect", "OBSERVED": "Sept. 25, 19" }, "geometry": { "type": "Point", "coordinates": [ 427566.109591, 1542632.097349 ] } }
,
{ "type": "Feature", "properties": { "AREA": 0.000000, "PERIMETER": 0.000000, "TIDES_": 0.000000, "TIDES_ID": 0.000000, "NAME": "Necanicum River", "STREAM": "Necanicum River", "LOCATION": "T6N  R10W SEC 28    RM 4", "OBSERVED": "Feb. 1973" }, "geometry": { "type": "Point", "coordinates": [ 440967.571196, 1559521.728291 ] } }
,
{ "type": "Feature", "properties": { "AREA": 0.000000, "PERIMETER": 0.000000, "TIDES_": 0.000000, "TIDES_ID": 0.000000, "NAME": "Necanicum River", "STREAM": "Neawanna Cr", "LOCATION": "T6N R 10W, SOUTH LINE OF Sec 22", "OBSERVED": "Aug, 1979" }, "geometry": { "type": "Point", "coordinates": [ 443011.203792, 1561005.461545 ] } }
,
{ "type": "Feature", "properties": { "AREA": 0.000000, "PERIMETER": 0.000000, "TIDES_": 0.000000, "TIDES_ID": 0.000000, "NAME": "Necanicum River", "STREAM": "Unamed Trib of Neawanna Cr", "LOCATION": "T6N, R10W", "OBSERVED": "Aug 21, 1979" }, "geometry": { "type": "Point", "coordinates": [ 444507.970011, 1563703.061743 ] } }
,
{ "type": "Feature", "properties": { "AREA": 0.000000, "PERIMETER": 0.000000, "TIDES_": 0.000000, "TIDES_ID": 0.000000, "NAME": "Necanicum River", "STREAM": "Stanley Lake Cr", "LOCATION": "T6N R10W Sec 15", "OBSERVED": "Aug 21, 1979" }, "geometry": { "type": "Point", "coordinates": [ 446361.616779, 1570571.728188 ] } }
,
{ "type": "Feature", "properties": { "AREA": 0.000000, "PERIMETER": 0.000000, "TIDES_": 0.000000, "TIDES_ID": 0.000000, "NAME": "Necanicum River", "STREAM": "Neacoxie Cr", "LOCATION": "T6N R10W SEC 10", "OBSERVED": "Aug 21, 1979" }, "geometry": { "type": "Point", "coordinates": [ 444373.762951, 1576075.290439 ] } }

]
}
